"Pos_real","K13_contact_shell","K19_contact_shell","RAF1_contact_shell","K55_contact_shell","K27_contact_shell"
0,NA,NA,3,NA,NA
1,7,6,NA,4,2
2,6,5,3,3,2
3,6,6,2,4,2
4,5,4,3,2,2
5,4,4,3,1,2
6,4,4,3,2,2
7,3,3,3,2,3
8,4,4,3,2,3
9,2,4,3,3,4
10,2,3,4,4,4
11,3,2,4,4,5
12,3,5,5,3,NA
13,5,5,3,4,6
14,3,3,4,4,4
15,4,4,5,4,4
16,3,3,3,3,3
17,4,5,2,3,2
18,5,6,3,4,3
19,4,4,4,4,3
20,4,4,2,2,2
21,5,6,1,2,1
22,6,5,3,3,2
23,5,5,3,3,3
24,5,5,2,1,1
25,6,6,1,1,1
26,7,9,4,4,3
27,6,8,2,2,1
28,6,7,3,3,2
29,6,7,2,2,2
30,7,8,4,NA,2
31,7,NA,1,1,1
32,6,NA,2,3,2
33,7,NA,1,1,1
34,7,NA,2,2,2
35,8,NA,2,2,2
36,8,NA,1,1,1
37,7,NA,1,1,3
38,NA,6,1,1,1
39,6,6,1,1,1
40,6,5,1,1,1
41,7,6,1,4,1
42,6,6,3,2,2
43,7,6,4,4,1
44,7,6,3,3,2
45,NA,7,5,6,NA
46,6,5,4,4,3
47,6,6,5,5,4
48,NA,8,6,5,NA
49,7,6,4,5,4
50,8,7,4,4,2
51,6,5,3,3,2
52,6,5,2,3,1
53,6,5,2,3,2
54,5,5,2,1,1
55,5,4,2,2,2
56,3,3,2,1,2
57,4,4,2,2,2
58,3,3,2,2,3
59,3,4,3,2,2
60,3,4,4,4,3
61,3,3,3,2,3
62,2,4,3,4,4
63,1,3,3,NA,4
64,2,2,2,1,3
65,2,2,3,4,3
66,3,4,3,1,2
67,3,2,1,1,1
68,1,1,2,3,2
69,2,2,3,2,4
70,4,3,2,1,1
71,2,2,1,2,1
72,2,2,3,3,3
73,3,3,3,1,4
74,3,3,2,1,2
75,3,3,4,3,2
76,4,4,4,2,3
77,4,4,4,3,3
78,3,3,4,3,4
79,3,4,4,3,4
80,3,3,4,4,5
81,3,3,4,3,4
82,2,2,5,5,5
83,3,3,5,5,5
84,3,3,5,5,6
85,4,3,6,7,6
86,2,2,6,6,6
87,1,1,7,6,7
88,1,1,6,6,7
89,2,2,5,5,5
90,1,1,6,5,6
91,1,1,8,6,8
92,1,1,5,5,6
93,2,2,5,4,6
94,1,1,6,5,8
95,1,1,4,4,6
96,1,2,4,4,5
97,1,1,5,4,5
98,1,1,5,5,7
99,1,1,3,3,5
100,2,2,4,3,4
101,1,1,6,4,6
102,1,1,4,4,6
103,2,2,4,2,4
104,3,3,4,2,3
105,1,1,7,3,7
106,1,2,5,3,5
107,1,1,7,5,7
108,NA,1,6,4,6
109,2,3,5,3,4
110,3,3,5,3,4
111,2,2,5,4,4
112,3,3,5,4,4
113,3,3,5,5,5
114,3,3,5,4,5
115,3,3,6,6,5
116,3,3,5,4,5
117,4,4,4,5,5
118,4,4,6,6,5
119,5,6,5,5,4
120,5,4,5,6,6
121,NA,3,6,7,7
122,NA,3,7,NA,NA
123,3,2,6,6,6
124,4,2,6,8,7
125,2,1,6,6,6
126,2,2,8,7,7
127,3,3,7,7,6
128,3,3,9,8,8
129,1,1,7,6,8
130,2,2,6,6,6
131,3,3,7,7,7
132,2,2,8,7,8
133,1,1,6,6,7
134,2,2,6,6,6
135,3,3,8,7,9
136,1,1,7,7,7
137,1,1,6,5,6
138,1,3,7,6,6
139,2,2,6,5,5
140,3,3,6,5,5
141,3,3,6,6,6
142,4,4,6,5,5
143,4,3,6,6,5
144,4,4,5,5,4
145,6,5,5,5,4
146,5,6,4,4,3
147,7,NA,4,4,3
148,6,6,6,6,5
149,6,6,4,4,3
150,5,5,6,6,5
151,5,4,5,5,5
152,5,5,4,4,3
153,6,6,4,4,4
154,5,5,6,5,6
155,5,4,5,4,4
156,4,4,4,3,3
157,6,5,4,4,4
158,4,4,6,5,5
159,3,3,4,3,3
160,5,4,3,3,3
161,5,5,5,4,4
162,4,4,5,4,4
163,4,3,4,3,3
164,6,5,4,3,3
165,5,5,6,NA,5
166,NA,2,5,NA,NA
167,NA,NA,5,NA,NA
