"","Pos","HAmin_ligand_K13","scHAmin_ligand_K13","GXPMG_HAmin_ligand_K13","GXPMG_scHAmin_ligand_K13","K13_bind","K13_GTP_bind","HAmin_ligand_K19","scHAmin_ligand_K19","GXPMG_HAmin_ligand_K19","GXPMG_scHAmin_ligand_K19","K19_bind","K19_GTP_bind","HAmin_ligand_K27","scHAmin_ligand_K27","GXPMG_HAmin_ligand_K27","GXPMG_scHAmin_ligand_K27","K27_bind","K27_GTP_bind","HAmin_ligand_K55","scHAmin_ligand_K55","GXPMG_HAmin_ligand_K55","GXPMG_scHAmin_ligand_K55","K55_bind","K55_GTP_bind","HAmin_ligand_RAF1","scHAmin_ligand_RAF1","GXPMG_HAmin_ligand_RAF1","GXPMG_scHAmin_ligand_RAF1","RAF1_bind","RAF1_GTP_bind"
"1",0,28.2975841725049,NA,25.7689163334433,25.9191368297634,"no","no",NA,NA,NA,NA,NA,NA,NA,NA,NA,NA,NA,NA,NA,NA,NA,NA,NA,NA,8.84094067393283,9.96355624262743,25.7689163334433,25.9191368297634,"no","no"
"2",1,27.4647880202997,29.8647031962482,27.6220521504105,29.6406411873967,"no","no",26.1881548414546,28.2899750795224,27.6220521504105,29.6406411873967,"no","no",6.6410012799276,6.6410012799276,27.6220521504105,29.6406411873967,"no","no",12.4828662173397,12.9191966081487,27.6220521504105,29.6406411873967,"no","no",11.7123009268034,13.9687444675604,27.6220521504105,29.6406411873967,"no","no"
"3",2,22.9848466603543,22.9848466603543,24.1435485792789,26.1427071666268,"no","no",21.643375453011,21.643375453011,24.1435485792789,26.1427071666268,"no","no",9.3828100268523,12.3908450478569,24.1435485792789,26.1427071666268,"no","no",11.4718327219324,13.3317481974421,24.1435485792789,26.1427071666268,"no","no",11.9247916962939,14.2399412217888,24.1435485792789,26.1427071666268,"no","no"
"4",3,22.0665129324957,24.5518550215661,21.841280319615,21.841280319615,"no","no",20.6878005597502,23.6791615138712,21.841280319615,21.841280319615,"no","no",5.67619494027469,5.67619494027469,21.841280319615,21.841280319615,"no","no",7.94480773839115,7.94480773839115,21.841280319615,21.841280319615,"no","no",5.37190450399111,5.37190450399111,21.841280319615,21.841280319615,"no","no"
"5",4,20.9659154581907,20.9659154581907,18.4309343767482,20.1774483520588,"no","no",18.4992577148382,18.4992577148382,18.4309343767482,20.1774483520588,"no","no",9.6909196158053,11.9535596790245,18.4309343767482,20.1774483520588,"no","no",8.12267135861103,10.7346497846926,18.4309343767482,20.1774483520588,"no","no",10.7724276743917,12.9921136848474,18.4309343767482,20.1774483520588,"no","no"
"6",5,18.1903544220557,19.8129504365201,16.8215737967647,18.4052800576356,"no","no",17.5776854278372,19.6150179454417,16.8215737967647,18.4052800576356,"no","no",5.42200940611504,5.66429889748061,16.8215737967647,18.4052800576356,"no","no",3.6775676744283,3.6775676744283,16.8215737967647,18.4052800576356,"yes","no",7.07164379759049,7.07164379759049,16.8215737967647,18.4052800576356,"no","no"
"7",6,17.6005834846462,19.6198737253837,12.9875477669959,14.4630468781651,"no","no",17.8062327851795,18.0482875087915,12.9875477669959,14.4630468781651,"no","no",9.43502792788659,11.5388160137858,12.9875477669959,14.4630468781651,"no","no",8.64591545181885,10.5639980121164,12.9875477669959,14.4630468781651,"no","no",11.2496009262551,12.607725171497,12.9875477669959,14.4630468781651,"no","no"
"8",7,13.0658929277719,13.0658929277719,11.105403234462,11.6120164484899,"no","no",13.306870481071,13.306870481071,11.105403234462,11.6120164484899,"no","no",9.96484109256138,9.96484109256138,11.105403234462,11.6120164484899,"no","no",9.81441679367654,9.81441679367654,11.105403234462,11.6120164484899,"no","no",12.2366512575949,12.2366512575949,11.105403234462,11.6120164484899,"no","no"
"9",8,12.3544755048525,14.9872101806841,7.0634048446907,7.0634048446907,"no","no",12.9066118714402,15.3671835740971,7.0634048446907,7.0634048446907,"no","no",12.4931791390342,12.5919290420491,7.0634048446907,7.0634048446907,"no","no",11.3156254798398,12.1766593119788,7.0634048446907,7.0634048446907,"no","no",11.4657122761737,11.4657122761737,7.0634048446907,7.0634048446907,"no","no"
"10",9,9.36579291891509,9.36579291891509,7.2055888031444,8.9589557985292,"no","no",9.88225014862506,9.88225014862506,7.2055888031444,8.9589557985292,"no","no",14.9396143524523,14.9396143524523,7.2055888031444,8.9589557985292,"no","no",12.4631643253228,12.4631643253228,7.2055888031444,8.9589557985292,"no","no",14.4492724384309,14.9182217103782,7.2055888031444,8.9589557985292,"no","no"
"11",10,8.49257475680962,8.90737520260598,4.71794075842417,6.67954594265209,"no","no",9.22103388997134,9.56103843732468,4.71794075842417,6.67954594265209,"no","no",14.5742481109661,16.7964268819294,4.71794075842417,6.67954594265209,"no","no",14.5010396868638,16.4499103341021,4.71794075842417,6.67954594265209,"no","no",15.4828382733916,17.5237903148834,4.71794075842417,6.67954594265209,"no","no"
"12",11,8.2122000097416,8.28495268544124,3.88359228035076,6.84374751141507,"no","no",8.60674863116148,8.60674863116148,3.88359228035076,6.84374751141507,"no","no",13.578283433483,15.6628007074086,3.88359228035076,6.84374751141507,"no","no",14.5511022606537,16.7306317274633,3.88359228035076,6.84374751141507,"no","no",15.0402470059504,18.2301539763108,3.88359228035076,6.84374751141507,"no","no"
"13",12,7.98941637417903,7.98941637417903,3.40730157162527,3.40730157162527,"no","yes",7.75341247451727,7.75341247451727,3.40730157162527,3.40730157162527,"no","yes",9.14241909999755,9.14241909999755,3.40730157162527,3.40730157162527,"no","yes",11.6423494622005,11.6423494622005,3.40730157162527,3.40730157162527,"no","yes",14.0663688633563,14.4214906996468,3.40730157162527,3.40730157162527,"no","yes"
"14",13,11.7279342170734,12.8065068617481,3.09612112166175,3.60844814290021,"no","yes",11.4919758962504,12.5753764953579,3.09612112166175,3.60844814290021,"no","yes",11.399204928415,12.0007110622663,3.09612112166175,3.60844814290021,"no","yes",13.0315792979976,13.6586185611869,3.09612112166175,3.60844814290021,"no","yes",12.4572105224244,12.4572105224244,3.09612112166175,3.60844814290021,"no","yes"
"15",14,12.0553537899143,12.0553537899143,3.20120617892694,3.75651766933153,"no","yes",11.8653625313346,11.8653625313346,3.20120617892694,3.75651766933153,"no","yes",14.0197027429258,15.7126451942377,3.20120617892694,3.75651766933153,"no","yes",15.1749760461096,16.4196840712603,3.20120617892694,3.75651766933153,"no","yes",13.3751039248299,14.9435351239257,3.20120617892694,3.75651766933153,"no","yes"
"16",15,15.7391332035789,16.92895106024,2.99734148871963,3.27763420777853,"no","yes",15.7351411496688,17.061530382706,2.99734148871963,3.27763420777853,"no","yes",12.1308501763067,12.9132779726915,2.99734148871963,3.27763420777853,"no","yes",14.0443831477214,14.717810604842,2.99734148871963,3.27763420777853,"no","yes",11.2228282531633,11.3901677336201,2.99734148871963,3.27763420777853,"no","yes"
"17",16,11.4399124996654,11.4399124996654,2.65775638462219,2.65775638462219,"no","yes",11.8875397370524,11.8875397370524,2.65775638462219,2.65775638462219,"no","yes",11.0792010993573,12.1030037593979,2.65775638462219,2.65775638462219,"no","yes",11.4031066819529,12.6817906464348,2.65775638462219,2.65775638462219,"no","yes",10.5240886066205,12.1373515232937,2.65775638462219,2.65775638462219,"no","yes"
"18",17,17.1910200977138,17.6365132608461,2.95531064357032,2.99873339928711,"no","yes",17.3102147878067,17.3102147878067,2.95531064357032,2.99873339928711,"no","yes",7.60448249389793,8.13611885360582,2.95531064357032,2.99873339928711,"no","yes",9.14230736739911,9.14230736739911,2.95531064357032,2.99873339928711,"no","yes",7.08417447554759,7.08417447554759,2.95531064357032,2.99873339928711,"no","yes"
"19",18,19.6840478814699,20.784357844302,2.77213960687408,3.4046444748314,"no","yes",19.9341778360684,20.9850582319897,2.77213960687408,3.4046444748314,"no","yes",8.485684120918,9.25863083830433,2.77213960687408,3.4046444748314,"no","yes",10.6559422389576,12.3460214239244,2.77213960687408,3.4046444748314,"no","yes",8.06117379790313,8.59888161332623,2.77213960687408,3.4046444748314,"no","yes"
"20",19,17.6606260930919,17.6606260930919,4.98409450151178,5.80759442454447,"no","no",17.431913434847,17.431913434847,4.98409450151178,5.80759442454447,"no","no",10.2359469029494,12.4648053735307,4.98409450151178,5.80759442454447,"no","no",10.8813764754281,13.347612558057,4.98409450151178,5.80759442454447,"no","no",10.1526649703415,12.5078696827238,4.98409450151178,5.80759442454447,"no","no"
"21",20,18.9822766811571,18.9822766811571,6.78684683781799,7.38153398691627,"no","no",19.2346066765089,19.2346066765089,6.78684683781799,7.38153398691627,"no","no",7.3870149586961,7.68319848760918,6.78684683781799,7.38153398691627,"no","no",7.82102928008839,8.04923108128969,6.78684683781799,7.38153398691627,"no","no",7.39660692480005,7.53386275425827,6.78684683781799,7.38153398691627,"no","no"
"22",21,22.7005121968646,23.413169926347,6.92079056177833,6.92079056177833,"no","no",22.8317788400291,22.8317788400291,6.92079056177833,6.92079056177833,"no","no",4.17302228606557,4.17302228606557,6.92079056177833,6.92079056177833,"yes","no",5.77339839262804,5.77339839262804,6.92079056177833,6.92079056177833,"no","no",4.14975914963748,4.14975914963748,6.92079056177833,6.92079056177833,"yes","no"
"23",22,24.6040509875915,25.0951521613239,7.82030849775122,7.82030849775122,"no","no",24.9328184929021,24.9328184929021,7.82030849775122,7.82030849775122,"no","no",8.07988663286806,9.94826401941564,7.82030849775122,7.82030849775122,"no","no",8.68355330495529,11.0526182418466,7.82030849775122,7.82030849775122,"no","no",7.80523420532658,10.0270060337072,7.82030849775122,7.82030849775122,"no","no"
"24",23,23.7759664367192,23.7759664367192,10.735498917144,11.8148341503383,"no","no",24.3346401041807,24.3346401041807,10.735498917144,11.8148341503383,"no","no",8.84120523458199,9.68159289579974,10.735498917144,11.8148341503383,"no","no",9.00501449193725,10.4421966079939,10.735498917144,11.8148341503383,"no","no",7.61507767524403,10.3148845849093,10.735498917144,11.8148341503383,"no","no"
"25",24,24.4666591712068,24.4666591712068,12.0581539631902,12.0581539631902,"no","no",25.4927133706869,25.4927133706869,12.0581539631902,12.0581539631902,"no","no",3.39524697187112,3.39524697187112,12.0581539631902,12.0581539631902,"yes","no",4.30569460133902,4.30569460133902,12.0581539631902,12.0581539631902,"yes","no",3.31786708594543,5.45500916589514,12.0581539631902,12.0581539631902,"no","no"
"26",25,28.0992946530691,28.1991495971066,12.4541709479194,12.4541709479194,"no","no",28.7941414353684,28.8213174230464,12.4541709479194,12.4541709479194,"no","no",3.0097368655748,3.67124256894038,12.4541709479194,12.4541709479194,"yes","no",2.76082668778756,2.76082668778756,12.4541709479194,12.4541709479194,"yes","no",3.71459674796606,3.71459674796606,12.4541709479194,12.4541709479194,"yes","no"
"27",26,29.3197941500277,30.9896770070293,12.4723756758687,14.0844936366204,"no","no",32.3867909802747,34.2912757709596,12.4723756758687,14.0844936366204,"no","no",8.7690058729596,10.8479290650336,12.4723756758687,14.0844936366204,"no","no",8.49032425764764,10.6952708708101,12.4723756758687,14.0844936366204,"no","no",7.14013480264904,10.2261921554409,12.4723756758687,14.0844936366204,"no","no"
"28",27,26.9513041799465,28.8693854108466,8.95795395165659,9.26059668703913,"no","no",33.349683341825,34.8057499416404,8.95795395165659,9.26059668703913,"no","no",4.74274972985082,4.74274972985082,8.95795395165659,9.26059668703913,"yes","no",6.48103548825341,6.48103548825341,8.95795395165659,9.26059668703913,"no","no",5.59166263288478,5.59166263288478,8.95795395165659,9.26059668703913,"no","no"
"29",28,22.7561007863825,22.7561007863825,3.35213633374301,3.35213633374301,"no","yes",30.8115723714321,30.8115723714321,3.35213633374301,3.35213633374301,"no","yes",6.61578060398015,8.69443149377807,3.35213633374301,3.35213633374301,"no","yes",10.0953861243639,12.9628580181995,3.35213633374301,3.35213633374301,"no","yes",7.88280273760545,9.95072168237058,3.35213633374301,3.35213633374301,"no","yes"
"30",29,22.0778434408798,22.0778434408798,2.6517409375729,4.96969626838502,"no","yes",31.3095731047231,31.3404394353366,2.6517409375729,4.96969626838502,"no","yes",3.4092436111255,3.4092436111255,2.6517409375729,4.96969626838502,"yes","yes",6.5889468050668,6.5889468050668,2.6517409375729,4.96969626838502,"no","yes",4.2053265033764,4.2053265033764,2.6517409375729,4.96969626838502,"yes","yes"
"31",30,26.229232051282,28.1112605373719,2.88920629239243,4.26298017823212,"no","yes",30.4000971873446,33.4693391927597,2.88920629239243,4.26298017823212,"no","yes",3.79146264652574,3.85827629907449,2.88920629239243,4.26298017823212,"yes","yes",8.78171344328657,10.0612966858154,2.88920629239243,4.26298017823212,"no","yes",6.78708670933266,7.8194780516349,2.88920629239243,4.26298017823212,"no","yes"
"32",31,28.4999437718744,30.5319664286466,3.36320100499509,5.89976863953155,"no","no",NA,NA,NA,NA,NA,NA,2.69846715748033,2.69846715748033,3.36320100499509,5.89976863953155,"yes","no",3.32038627270985,3.32038627270985,3.36320100499509,5.89976863953155,"yes","no",2.75562225277704,2.75562225277704,3.36320100499509,5.89976863953155,"yes","no"
"33",32,22.7612095460676,22.7612095460676,3.63284695521295,3.63284695521295,"no","yes",NA,NA,NA,NA,NA,NA,2.73114554720176,2.73114554720176,3.63284695521295,3.63284695521295,"yes","yes",4.89585845383627,7.20911145703824,3.63284695521295,3.63284695521295,"no","yes",6.32822826705864,8.2608244745909,3.63284695521295,3.63284695521295,"no","yes"
"34",33,27.4463678471305,29.1421313050367,4.32184138996331,5.90858900246074,"no","no",NA,NA,NA,NA,NA,NA,2.73426516636554,2.73426516636554,4.32184138996331,5.90858900246074,"yes","no",3.55260031526205,3.55260031526205,4.32184138996331,5.90858900246074,"yes","no",4.18215757713647,4.18215757713647,4.32184138996331,5.90858900246074,"yes","no"
"35",34,24.0739964692196,24.0739964692196,3.3634958005028,3.45304532261017,"no","yes",NA,NA,NA,NA,NA,NA,4.25084285759894,4.25084285759894,3.3634958005028,3.45304532261017,"yes","yes",3.41828758298655,5.23461841971313,3.3634958005028,3.45304532261017,"no","yes",5.70293871613574,6.50929036070753,3.3634958005028,3.45304532261017,"no","yes"
"36",35,27.0109401909671,27.2028125384123,2.86139703641421,2.87013780156981,"no","yes",NA,NA,NA,NA,NA,NA,3.24836466548939,3.24836466548939,2.86139703641421,2.87013780156981,"yes","yes",5.39504040763366,6.72365860227897,2.86139703641421,2.87013780156981,"no","yes",6.08593402856127,7.19390366907981,2.86139703641421,2.87013780156981,"no","yes"
"37",36,29.5615465935056,31.3779268435631,5.65926470488879,7.95745323580352,"no","no",NA,NA,NA,NA,NA,NA,3.4264944184983,3.4264944184983,5.65926470488879,7.95745323580352,"yes","no",3.92199923508406,3.92199923508406,5.65926470488879,7.95745323580352,"yes","no",3.8859410700627,3.8859410700627,5.65926470488879,7.95745323580352,"yes","no"
"38",37,27.0205744757583,28.7433898140077,7.60555540378216,9.55260095471385,"no","no",28.1698166305711,30.4772168840923,7.60555540378216,9.55260095471385,"no","no",3.50359886402539,5.78551086767625,7.60555540378216,9.55260095471385,"no","no",2.80571042696854,2.80571042696854,7.60555540378216,9.55260095471385,"yes","no",2.63916388274772,2.63916388274772,7.60555540378216,9.55260095471385,"yes","no"
"39",38,26.8056667702932,28.3520030685664,7.40269437434776,7.40269437434776,"no","no",27.7885117989431,29.4104070186048,7.40269437434776,7.40269437434776,"no","no",2.75048395741549,2.75048395741549,7.40269437434776,7.40269437434776,"yes","no",3.00952853450503,3.00952853450503,7.40269437434776,7.40269437434776,"yes","no",2.62231157569043,2.62231157569043,7.40269437434776,7.40269437434776,"yes","no"
"40",39,25.7059246867332,28.7314451603117,11.1013332983025,13.0113146530241,"no","no",27.1480037203475,28.6867072526632,11.1013332983025,13.0113146530241,"no","no",2.84140546209091,3.89561625420164,11.1013332983025,13.0113146530241,"yes","no",2.70951674658047,2.70951674658047,11.1013332983025,13.0113146530241,"yes","no",2.88951864503415,3.81784192967702,11.1013332983025,13.0113146530241,"yes","no"
"41",40,23.6669846621829,23.6669846621829,8.8230924850644,8.8230924850644,"no","no",21.408535353919,21.408535353919,8.8230924850644,8.8230924850644,"no","no",3.20214693604151,3.60007027709183,8.8230924850644,8.8230924850644,"yes","no",3.57270849636519,3.6838300720853,8.8230924850644,8.8230924850644,"yes","no",3.31294083859039,3.3784662200472,8.8230924850644,8.8230924850644,"yes","no"
"42",41,26.1528457151416,26.8249344453999,15.7496286622892,18.1527877197966,"no","no",26.5166476387948,26.7359776518458,15.7496286622892,18.1527877197966,"no","no",2.85268960807165,2.92624093334776,15.7496286622892,18.1527877197966,"yes","no",4.89165697897962,5.14459230649038,15.7496286622892,18.1527877197966,"no","no",2.94883451553321,2.94883451553321,15.7496286622892,18.1527877197966,"yes","no"
"43",42,27.751698074172,28.2884714680733,16.5570596725385,16.5570596725385,"no","no",27.468567454456,28.4777475584008,16.5570596725385,16.5570596725385,"no","no",4.47141241667552,6.34118766478331,16.5570596725385,16.5570596725385,"no","no",8.02008609679472,9.30346156008612,16.5570596725385,16.5570596725385,"no","no",6.08428492100756,7.48618474257749,16.5570596725385,16.5570596725385,"no","no"
"44",43,30.6820414900964,32.6084611259103,19.9839097525985,22.3987761049572,"no","no",29.580380558742,30.7223253351695,19.9839097525985,22.3987761049572,"no","no",4.64370918555415,4.82842562332693,19.9839097525985,22.3987761049572,"yes","no",10.7816100838418,12.526803662547,19.9839097525985,22.3987761049572,"no","no",7.35031591157822,7.88710149547982,19.9839097525985,22.3987761049572,"no","no"
"45",44,26.9419838356421,26.9419838356421,19.7330451273999,19.7330451273999,"no","no",26.1900838868454,26.1900838868454,19.7330451273999,19.7330451273999,"no","no",7.64827464203529,9.58089546963122,19.7330451273999,19.7330451273999,"no","no",13.0643096258471,13.0804709777592,19.7330451273999,19.7330451273999,"no","no",10.6091657541958,12.3312031854154,19.7330451273999,19.7330451273999,"no","no"
"46",45,27.5016679130557,29.7129353144384,22.0295158594101,24.6058568840835,"no","no",27.3685859517806,29.5335462652219,22.0295158594101,24.6058568840835,"no","no",11.2318616889632,12.3037414634736,22.0295158594101,24.6058568840835,"no","no",17.1086033912766,19.1766114316372,22.0295158594101,24.6058568840835,"no","no",14.085182355937,15.3911539203531,22.0295158594101,24.6058568840835,"no","no"
"47",46,22.6832474967761,22.6832474967761,20.295445129388,20.295445129388,"no","no",22.7283056121656,22.7283056121656,20.295445129388,20.295445129388,"no","no",13.181145359945,13.181145359945,20.295445129388,20.295445129388,"no","no",17.0647466139993,17.0647466139993,20.295445129388,20.295445129388,"no","no",15.434915257299,15.434915257299,20.295445129388,20.295445129388,"no","no"
"48",47,20.6623543189057,21.0227559325603,23.8009526700088,23.8009526700088,"no","no",21.9239944581274,21.9239944581274,23.8009526700088,23.8009526700088,"no","no",16.9649312995956,18.7085337747243,23.8009526700088,23.8009526700088,"no","no",21.7018922907658,21.9106248427561,23.8009526700088,23.8009526700088,"no","no",19.8232531386753,21.5136885958684,23.8009526700088,23.8009526700088,"no","no"
"49",48,26.2089952878778,27.9478909758858,26.7033136707788,27.927234539066,"no","no",27.4282593505312,28.4382377970225,26.7033136707788,27.927234539066,"no","no",16.3093767814714,17.2360708399565,26.7033136707788,27.927234539066,"no","no",22.329933407872,23.327018862255,26.7033136707788,27.927234539066,"no","no",19.1928521590721,20.2492046510474,26.7033136707788,27.927234539066,"no","no"
"50",49,23.0339994139099,23.9271937343266,25.7768369083563,26.3256468296602,"no","no",25.9610159469925,25.9610159469925,25.7768369083563,26.3256468296602,"no","no",12.7412643014734,14.9891938742549,25.7768369083563,26.3256468296602,"no","no",18.3975597566634,19.5526528123424,25.7768369083563,26.3256468296602,"no","no",15.6609163524999,16.6215441220122,25.7768369083563,26.3256468296602,"no","no"
"51",50,27.9251251205791,30.8919798167745,25.7877290198265,26.4988489183964,"no","no",27.2906127633661,29.9946196842034,25.7877290198265,26.4988489183964,"no","no",9.11374621108137,9.11374621108137,25.7877290198265,26.4988489183964,"no","no",16.0166424071963,16.8129038836246,25.7877290198265,26.4988489183964,"no","no",12.1794318833023,12.1794318833023,25.7877290198265,26.4988489183964,"no","no"
"52",51,25.5055943079161,25.5055943079161,22.3713608660716,22.7520328762069,"no","no",24.2768283142588,24.2768283142588,22.3713608660716,22.7520328762069,"no","no",7.54530218082748,10.3721647210214,22.3713608660716,22.7520328762069,"no","no",12.8940568092436,13.9984685233778,22.3713608660716,22.7520328762069,"no","no",10.0507459424662,12.8244223651594,22.3713608660716,22.7520328762069,"no","no"
"53",52,25.6247247985222,28.2064800178966,20.5251429471271,21.2562522331666,"no","no",23.6577163944452,26.4570417280542,20.5251429471271,21.2562522331666,"no","no",3.30309884805162,3.30309884805162,20.5251429471271,21.2562522331666,"yes","no",7.71574513575973,7.71574513575973,20.5251429471271,21.2562522331666,"no","no",5.53354298799603,5.53354298799603,20.5251429471271,21.2562522331666,"no","no"
"54",53,24.5692488082155,24.5692488082155,17.1608192112148,17.2548180228016,"no","no",22.787391360136,22.787391360136,17.1608192112148,17.2548180228016,"no","no",6.22439250047746,8.36648187710939,17.1608192112148,17.2548180228016,"no","no",7.92271632711913,10.469226619001,17.1608192112148,17.2548180228016,"no","no",7.31414800233083,9.91413198419307,17.1608192112148,17.2548180228016,"no","no"
"55",54,21.1887912349903,22.4957219266242,15.1012882231947,17.1352076147329,"no","no",21.3683561604537,23.4941363322851,15.1012882231947,17.1352076147329,"no","no",4.49438115873587,4.49438115873587,15.1012882231947,17.1352076147329,"yes","no",2.70181772146087,2.70181772146087,15.1012882231947,17.1352076147329,"yes","no",6.20855426005121,6.39835400708651,15.1012882231947,17.1352076147329,"no","no"
"56",55,19.4040037878784,19.4040037878784,10.7188102884602,10.7188102884602,"no","no",20.1946556296462,20.2695887723456,10.7188102884602,10.7188102884602,"no","no",7.12504638581392,8.12780966804711,10.7188102884602,10.7188102884602,"no","no",6.39502197025155,8.52004366185995,10.7188102884602,10.7188102884602,"no","no",6.78600368405441,8.05233040802475,10.7188102884602,10.7188102884602,"no","no"
"57",56,15.2907628652072,16.990195349083,9.78324966460531,12.2189061703575,"no","no",16.3624936363624,17.3093421307686,9.78324966460531,12.2189061703575,"no","no",6.75629906087645,6.75629906087645,9.78324966460531,12.2189061703575,"no","no",3.74099264901711,3.74099264901711,9.78324966460531,12.2189061703575,"yes","no",6.85570083944741,7.39668723145706,9.78324966460531,12.2189061703575,"no","no"
"58",57,14.758380873253,15.1013276899748,4.82941373253524,4.82941373253524,"no","yes",15.2271705513533,15.4976881501726,4.82941373253524,4.82941373253524,"no","yes",6.80603056120085,6.80603056120085,4.82941373253524,4.82941373253524,"no","yes",7.01253399278749,7.75789185281671,4.82941373253524,4.82941373253524,"no","yes",7.09116781637552,7.09116781637552,4.82941373253524,4.82941373253524,"no","yes"
"59",58,10.7466330075982,10.7466330075982,4.15939671106279,6.82998016102536,"no","no",11.259024913375,11.259024913375,4.15939671106279,6.82998016102536,"no","no",10.0497877589529,11.0761210267855,4.15939671106279,6.82998016102536,"no","no",8.7617111342477,8.7617111342477,4.15939671106279,6.82998016102536,"no","no",9.41616593948939,10.7444233907642,4.15939671106279,6.82998016102536,"no","no"
"60",59,13.3812562937865,14.7075205252279,3.95935158832857,5.50062805504971,"no","no",13.4522730049609,14.4940234579636,3.95935158832857,5.50062805504971,"no","no",8.27892342034881,8.28989601864824,3.95935158832857,5.50062805504971,"no","no",8.78879815446914,8.78879815446914,3.95935158832857,5.50062805504971,"no","no",9.10731123877953,9.10731123877953,3.95935158832857,5.50062805504971,"no","no"
"61",60,11.6734945496197,12.401413346873,2.76838815920022,3.10291218051688,"no","yes",11.4291828666795,12.4005821234328,2.76838815920022,3.10291218051688,"no","yes",6.93677295289388,6.93677295289388,2.76838815920022,3.10291218051688,"no","yes",10.886627760698,11.966818708412,2.76838815920022,3.10291218051688,"no","yes",11.734827352799,13.1883808331425,2.76838815920022,3.10291218051688,"no","yes"
"62",61,9.45477429661861,12.2988322209875,4.26327127919395,4.55600274363394,"no","yes",9.72171291491371,12.1329901920343,4.26327127919395,4.55600274363394,"no","yes",9.12694532688785,11.3767102890071,4.26327127919395,4.55600274363394,"no","yes",5.63001776196132,5.63001776196132,4.26327127919395,4.55600274363394,"no","yes",7.63464471995914,8.65971113836945,4.26327127919395,4.55600274363394,"no","yes"
"63",62,6.09961621743532,7.93137245374343,7.63973782272664,9.48847095163388,"no","no",6.57327665628034,7.79646471164976,7.63973782272664,9.48847095163388,"no","no",8.78190121784571,8.78190121784571,7.63973782272664,9.48847095163388,"no","no",6.63128803476369,9.64642332680875,7.63973782272664,9.48847095163388,"no","no",12.2417424821796,15.3092563176661,7.63973782272664,9.48847095163388,"no","no"
"64",63,3.38684366335383,3.38684366335383,8.56806471730927,8.56806471730927,"yes","no",5.42889270477876,5.42889270477876,8.56806471730927,8.56806471730927,"no","no",5.81641547690671,5.81641547690671,8.56806471730927,8.56806471730927,"no","no",3.23989212783389,5.97353270686619,8.56806471730927,8.56806471730927,"no","no",8.55398234742158,9.47695547103604,8.56806471730927,8.56806471730927,"no","no"
"65",64,8.82111755958393,11.1019712664013,7.48212656936516,7.48212656936516,"no","no",8.10587509156167,10.4484646719028,7.48212656936516,7.48212656936516,"no","no",7.21033210053462,8.10046794944588,7.48212656936516,7.48212656936516,"no","no",3.24049394383017,3.24049394383017,7.48212656936516,7.48212656936516,"yes","no",4.02776190954729,5.97363298169548,7.48212656936516,7.48212656936516,"no","no"
"66",65,6.91421564604403,6.91421564604403,10.1064366123773,10.8701084631203,"no","no",6.72933117033186,6.72933117033186,10.1064366123773,10.8701084631203,"no","no",5.5241291621395,5.5241291621395,10.1064366123773,10.8701084631203,"no","no",5.40827985592462,7.20921764132558,10.1064366123773,10.8701084631203,"no","no",10.298552568201,12.4081769813297,10.1064366123773,10.8701084631203,"no","no"
"67",66,10.4763264553946,12.9099079005235,12.4785034759782,14.6348777241219,"no","no",9.92157875541993,12.2522730544173,12.4785034759782,14.6348777241219,"no","no",3.60552076682412,5.59512725503183,12.4785034759782,14.6348777241219,"no","no",3.40848426723668,3.81029867595704,12.4785034759782,14.6348777241219,"yes","no",8.36818528714559,9.08134351293904,12.4785034759782,14.6348777241219,"no","no"
"68",67,11.8023359128606,13.2983613276223,10.9699824065492,10.9699824065492,"no","no",11.0508124588195,12.7023292745858,10.9699824065492,10.9699824065492,"no","no",3.30952217094855,3.30952217094855,10.9699824065492,10.9699824065492,"yes","no",3.33820445748909,3.33820445748909,10.9699824065492,10.9699824065492,"yes","no",3.87826275540995,3.87826275540995,10.9699824065492,10.9699824065492,"yes","no"
"69",68,3.8692976106782,3.8692976106782,8.93422526020024,8.93422526020024,"yes","no",3.56827269137324,3.56827269137324,8.93422526020024,8.93422526020024,"yes","no",6.59552734813524,8.11525021179261,8.93422526020024,8.93422526020024,"no","no",6.37273387173825,8.62032859002486,8.93422526020024,8.93422526020024,"no","no",8.5495516256702,10.7543192253159,8.93422526020024,8.93422526020024,"no","no"
"70",69,7.76895578568961,7.76895578568961,12.4053060421741,13.1773452941023,"no","no",7.32843373443466,7.32843373443466,12.4053060421741,13.1773452941023,"no","no",8.64547719909086,10.3043040036676,12.4053060421741,13.1773452941023,"no","no",5.86443424381244,5.86443424381244,12.4053060421741,13.1773452941023,"no","no",10.5780619680545,12.1924130917551,12.4053060421741,13.1773452941023,"no","no"
"71",70,12.5136294095678,14.7395185131672,14.6015365629786,15.580790897769,"no","no",11.9059199980514,14.1445021828271,14.6015365629786,15.580790897769,"no","no",3.41504626615804,3.55931650742105,14.6015365629786,15.580790897769,"yes","no",2.92030734683868,2.92030734683868,14.6015365629786,15.580790897769,"yes","no",7.25444725668331,7.25444725668331,14.6015365629786,15.580790897769,"no","no"
"72",71,13.0769999617649,13.0769999617649,10.6613463502505,10.6613463502505,"no","no",12.4094496654767,12.4094496654767,10.6613463502505,10.6613463502505,"no","no",2.78832871089475,2.78832871089475,10.6613463502505,10.6613463502505,"yes","no",5.59383070891496,6.47155954928949,10.6613463502505,10.6613463502505,"no","no",3.94895593796639,3.94895593796639,10.6613463502505,10.6613463502505,"yes","no"
"73",72,7.40509918907235,7.40509918907235,12.1382045624549,12.1382045624549,"no","no",6.72067005587984,6.72067005587984,12.1382045624549,12.1382045624549,"no","no",9.74065393082005,12.1771777929042,12.1382045624549,12.1382045624549,"no","no",6.82810617960793,8.94329005456046,12.1382045624549,12.1382045624549,"no","no",10.852942366013,13.2195609987624,12.1382045624549,12.1382045624549,"no","no"
"74",73,9.61586298779262,9.61586298779262,16.4763624626311,18.4614190678832,"no","no",11.8746562476562,11.8746562476562,16.4763624626311,18.4614190678832,"no","no",7.62908500411419,9.11876905069977,16.4763624626311,18.4614190678832,"no","no",3.52349301120352,3.52349301120352,16.4763624626311,18.4614190678832,"yes","no",12.0149645026525,12.0149645026525,16.4763624626311,18.4614190678832,"no","no"
"75",74,15.3264566681278,17.7448537610204,17.7564254848773,17.7564254848773,"no","no",15.427989629242,17.1102479818383,17.7564254848773,17.7564254848773,"no","no",6.39360227102062,7.24687256683874,17.7564254848773,17.7564254848773,"no","no",3.65573371568554,3.65573371568554,17.7564254848773,17.7564254848773,"yes","no",8.54407010739027,8.54407010739027,17.7564254848773,17.7564254848773,"no","no"
"76",75,14.0777284389208,15.9338078939091,17.4131743803363,17.4131743803363,"no","no",14.1557933723264,15.9757657093486,17.4131743803363,17.4131743803363,"no","no",9.8524410173317,10.0913492160365,17.4131743803363,17.4131743803363,"no","no",7.14985769089147,8.56995105003523,17.4131743803363,17.4131743803363,"no","no",12.2323178506774,12.6829191040549,17.4131743803363,17.4131743803363,"no","no"
"77",76,13.9574993104066,16.0509241478489,18.6650917490378,20.4532652894348,"no","no",12.6829405502036,15.5389192030849,18.6650917490378,20.4532652894348,"no","no",11.2860559098385,11.2860559098385,18.6650917490378,20.4532652894348,"no","no",9.51234902639722,9.51234902639722,18.6650917490378,20.4532652894348,"no","no",11.6591517272913,11.6591517272913,18.6650917490378,20.4532652894348,"no","no"
"78",77,15.2533409127312,15.2533409127312,15.2486537766453,17.3470529485558,"no","no",13.6963776598048,13.6963776598048,15.2486537766453,17.3470529485558,"no","no",13.0855665907136,14.5068333208871,15.2486537766453,17.3470529485558,"no","no",12.3178584989437,13.445920942799,15.2486537766453,17.3470529485558,"no","no",15.5076509181758,17.0157227292878,15.2486537766453,17.3470529485558,"no","no"
"79",78,12.0315422120358,12.0315422120358,13.3120220101982,13.8403230092365,"no","no",12.4966813994756,12.4966813994756,13.3120220101982,13.8403230092365,"no","no",13.5687256955102,13.5687256955102,13.3120220101982,13.8403230092365,"no","no",10.450440851945,10.450440851945,13.3120220101982,13.8403230092365,"no","no",15.1662795371838,15.1662795371838,13.3120220101982,13.8403230092365,"no","no"
"80",79,13.0199539937743,15.8965528338694,9.6398436709316,10.8289843014015,"no","no",13.5410896533477,16.4539167981365,9.6398436709316,10.8289843014015,"no","no",15.1356197098104,15.1356197098104,9.6398436709316,10.8289843014015,"no","no",15.4387023418421,15.7174594957328,9.6398436709316,10.8289843014015,"no","no",15.4095976586023,15.4095976586023,9.6398436709316,10.8289843014015,"no","no"
"81",80,10.8297424715457,10.8297424715457,9.73479044458585,11.6569669296949,"no","no",10.7477777237902,10.7477777237902,9.73479044458585,11.6569669296949,"no","no",19.0035424592364,19.6391870249254,9.73479044458585,11.6569669296949,"no","no",17.8359463163579,17.9829590724107,9.73479044458585,11.6569669296949,"no","no",18.4643143387454,20.2170465943965,9.73479044458585,11.6569669296949,"no","no"
"82",81,11.0286667371899,13.6073351175019,6.38618548117732,6.38618548117732,"no","no",11.0696105622556,13.5312814988086,6.38618548117732,6.38618548117732,"no","no",17.1427935588107,17.1427935588107,6.38618548117732,6.38618548117732,"no","no",17.0142841753628,17.0142841753628,6.38618548117732,6.38618548117732,"no","no",16.216631832782,16.216631832782,6.38618548117732,6.38618548117732,"no","no"
"83",82,8.29210305049328,8.29210305049328,8.18443040168343,9.67323916793129,"no","no",7.75749070254035,7.75749070254035,8.18443040168343,9.67323916793129,"no","no",19.7325579690014,21.2017813166724,8.18443040168343,9.67323916793129,"no","no",20.7514584306742,22.0282680435844,8.18443040168343,9.67323916793129,"no","no",18.361256084484,20.6474928502228,8.18443040168343,9.67323916793129,"no","no"
"84",83,8.79605201212453,11.4906701719264,7.46778856154886,7.46778856154886,"no","no",8.23940052431001,11.0353759337868,7.46778856154886,7.46778856154886,"no","no",18.6656513682218,18.6656513682218,7.46778856154886,7.46778856154886,"no","no",19.8244029922719,19.8244029922719,7.46778856154886,7.46778856154886,"no","no",17.3281016559807,17.3281016559807,7.46778856154886,7.46778856154886,"no","no"
"85",84,9.26087344692713,11.1435574660878,7.73988514126663,7.73988514126663,"no","no",8.54266679673274,10.330383197152,7.73988514126663,7.73988514126663,"no","no",20.9599256916622,21.1043983567407,7.73988514126663,7.73988514126663,"no","no",22.8186582646745,23.9907528435437,7.73988514126663,7.73988514126663,"no","no",19.9028087465061,20.8306418048028,7.73988514126663,7.73988514126663,"no","no"
"86",85,9.42942612251668,11.6483883005333,7.47107522382153,7.47107522382153,"no","no",8.98367708680582,11.1291904916755,7.47107522382153,7.47107522382153,"no","no",17.8385132508289,17.8385132508289,7.47107522382153,7.47107522382153,"no","no",20.7930851486738,20.7930851486738,7.47107522382153,7.47107522382153,"no","no",18.213742449041,18.213742449041,7.47107522382153,7.47107522382153,"no","no"
"87",86,6.36816480628446,7.50397847811413,9.11843572110918,9.11843572110918,"no","no",6.06925786237494,6.96004892224185,9.11843572110918,9.11843572110918,"no","no",17.7288399507695,17.7288399507695,9.11843572110918,9.11843572110918,"no","no",19.0531995738249,19.0531995738249,9.11843572110918,9.11843572110918,"no","no",18.8820482734263,18.8820482734263,9.11843572110918,9.11843572110918,"no","no"
"88",87,3.31718464966905,3.97119692284329,13.4545409806504,15.7202353035824,"yes","no",3.28012606465056,3.61125767565816,13.4545409806504,15.7202353035824,"yes","no",22.2869319557448,23.7506972108189,13.4545409806504,15.7202353035824,"no","no",23.7327600796873,25.8802951683322,13.4545409806504,15.7202353035824,"no","no",23.4798250845274,25.9100288498489,13.4545409806504,15.7202353035824,"no","no"
"89",88,3.76951495553473,3.76951495553473,12.2251993030789,13.0991524153283,"yes","no",3.38664863840346,3.38664863840346,12.2251993030789,13.0991524153283,"yes","no",16.30496347742,16.30496347742,12.2251993030789,13.0991524153283,"no","no",17.1996523220674,17.1996523220674,12.2251993030789,13.0991524153283,"no","no",22.4162249721045,23.1094001003921,12.2251993030789,13.0991524153283,"no","no"
"90",89,6.56926982243841,8.32226958227141,8.79278056134691,8.79278056134691,"no","no",6.52224278910253,8.0398013035149,8.79278056134691,8.79278056134691,"no","no",18.6368559848489,18.6368559848489,8.79278056134691,8.79278056134691,"no","no",19.9676698941063,19.9676698941063,8.79278056134691,8.79278056134691,"no","no",19.8149417612064,19.8149417612064,8.79278056134691,8.79278056134691,"no","no"
"91",90,3.55642306257285,3.55642306257285,11.6399186423274,13.409901341919,"yes","no",3.53032363955488,3.53032363955488,11.6399186423274,13.409901341919,"yes","no",21.716299178267,24.0796896574686,11.6399186423274,13.409901341919,"no","no",22.4220823966018,24.6916610619861,11.6399186423274,13.409901341919,"no","no",22.7954102617172,24.3766885979208,11.6399186423274,13.409901341919,"no","no"
"92",91,2.88775310579004,2.88775310579004,14.129404269112,15.9187369473837,"yes","no",2.78358491876932,2.78358491876932,14.129404269112,15.9187369473837,"yes","no",23.1620526076598,23.7162972868869,14.129404269112,15.9187369473837,"no","no",21.3219060358121,22.8027461065548,14.129404269112,15.9187369473837,"no","no",25.4257980012428,27.174004875984,14.129404269112,15.9187369473837,"no","no"
"93",92,4.27697311190987,4.27697311190987,11.8257554092751,11.8257554092751,"yes","no",4.60780934935464,4.60780934935464,11.8257554092751,11.8257554092751,"yes","no",18.0912267135206,18.0912267135206,11.8257554092751,11.8257554092751,"no","no",17.0380720446886,17.0380720446886,11.8257554092751,11.8257554092751,"no","no",21.4517812080955,22.4817839149833,11.8257554092751,11.8257554092751,"no","no"
"94",93,5.95850904169827,5.95850904169827,10.887980437161,10.887980437161,"no","no",6.05628244057359,6.18785293942899,10.887980437161,10.887980437161,"no","no",21.9267778982686,21.9267778982686,10.887980437161,10.887980437161,"no","no",19.5759048577582,20.2938467767942,10.887980437161,10.887980437161,"no","no",22.0959292857304,22.0959292857304,10.887980437161,10.887980437161,"no","no"
"95",94,2.71495266993736,2.71495266993736,15.166910595108,17.3513861117779,"yes","no",2.90104688000728,2.90104688000728,15.166910595108,17.3513861117779,"yes","no",24.5455051078604,26.3435347096778,15.166910595108,17.3513861117779,"no","no",19.4287994997118,21.2889235754183,15.166910595108,17.3513861117779,"no","no",24.3084968272413,26.8512581083271,15.166910595108,17.3513861117779,"no","no"
"96",95,3.29369534110245,3.29369534110245,11.654407921469,11.654407921469,"yes","no",3.30443111594114,3.30443111594114,11.654407921469,11.654407921469,"yes","no",21.9737684751615,22.1628331221439,11.654407921469,11.654407921469,"no","no",13.8366012445253,13.8366012445253,11.654407921469,11.654407921469,"no","no",18.7033760054168,18.7033760054168,11.654407921469,11.654407921469,"no","no"
"97",96,4.83132538751014,4.83132538751014,7.10615127899765,7.10615127899765,"yes","no",5.13560824051056,5.58521664754376,7.10615127899765,7.10615127899765,"no","no",15.7933965947797,15.7933965947797,7.10615127899765,7.10615127899765,"no","no",12.3802166782331,12.3802166782331,7.10615127899765,7.10615127899765,"no","no",17.2155690873116,17.2155690873116,7.10615127899765,7.10615127899765,"no","no"
"98",97,4.20695281646942,4.20695281646942,14.5631950477909,16.7213853792083,"yes","no",3.67808183704496,3.67808183704496,14.5631950477909,16.7213853792083,"yes","no",21.7790996370373,23.3201664230768,14.5631950477909,16.7213853792083,"no","no",16.4911610567601,19.1570217152876,14.5631950477909,16.7213853792083,"no","no",22.2126805226204,24.0270581636621,14.5631950477909,16.7213853792083,"no","no"
"99",98,3.22448259415367,3.22448259415367,16.6972710644584,17.8513883773784,"yes","no",3.27037016253512,3.27037016253512,16.6972710644584,17.8513883773784,"yes","no",22.4261405507056,24.9437606226487,16.6972710644584,17.8513883773784,"no","no",15.8540791596359,17.748365135978,16.6972710644584,17.8513883773784,"no","no",21.7606593650101,23.6833766384779,16.6972710644584,17.8513883773784,"no","no"
"100",99,2.8024264486334,2.8024264486334,13.5652855849038,13.5652855849038,"yes","no",2.82282022098468,2.82282022098468,13.5652855849038,13.5652855849038,"yes","no",16.3976047946034,16.3976047946034,13.5652855849038,13.5652855849038,"no","no",9.22166606422071,9.22166606422071,13.5652855849038,13.5652855849038,"no","no",18.2714388322321,18.2714388322321,13.5652855849038,13.5652855849038,"no","no"
"101",100,6.26414279850005,8.67030991372281,14.2300571327033,14.2300571327033,"no","no",6.18111915432796,8.58778557021541,14.2300571327033,14.2300571327033,"no","no",17.27964290719,17.27964290719,14.2300571327033,14.2300571327033,"no","no",11.837729174128,12.966873216007,14.2300571327033,14.2300571327033,"no","no",18.429184273863,18.429184273863,14.2300571327033,14.2300571327033,"no","no"
"102",101,3.40739225801785,4.31178211416115,18.3715856147476,20.4174490081401,"yes","no",3.8275050620476,3.9732909533534,18.3715856147476,20.4174490081401,"yes","no",20.1761345158085,22.7498757359244,18.3715856147476,20.4174490081401,"no","no",13.501337007867,15.9339301178335,18.3715856147476,20.4174490081401,"no","no",21.1473232821556,23.4215991341326,18.3715856147476,20.4174490081401,"no","no"
"103",102,2.5208478732363,2.5208478732363,15.9382323361156,15.9382323361156,"yes","no",2.68488323768465,2.68488323768465,15.9382323361156,15.9382323361156,"yes","no",18.0082139036607,21.5687696913848,15.9382323361156,15.9382323361156,"no","no",11.3768902605237,11.3768902605237,15.9382323361156,15.9382323361156,"no","no",16.3939589483444,16.3939589483444,15.9382323361156,15.9382323361156,"no","no"
"104",103,6.36388411270978,7.75964677031113,16.590741906256,16.590741906256,"no","no",6.22651347063507,7.70286440228569,16.590741906256,16.590741906256,"no","no",14.7257498960155,15.1828158455538,16.590741906256,16.590741906256,"no","no",7.68959634831375,7.68959634831375,16.590741906256,16.590741906256,"no","no",14.7909235005797,14.7909235005797,16.590741906256,16.590741906256,"no","no"
"105",104,6.55519374236948,7.71512624653673,18.963700087272,18.963700087272,"no","no",6.7832091225319,8.11487824924071,18.963700087272,18.963700087272,"no","no",12.8236540814231,14.0051018561094,18.963700087272,18.963700087272,"no","no",7.72060969095058,7.72060969095058,18.963700087272,18.963700087272,"no","no",15.0470525352974,15.0470525352974,18.963700087272,18.963700087272,"no","no"
"106",105,3.16502401254714,3.16502401254714,22.2518734716877,24.5148392815454,"yes","no",4.74538986807196,4.74538986807196,22.2518734716877,24.5148392815454,"yes","no",17.8532669839444,19.5612395057164,22.2518734716877,24.5148392815454,"no","no",11.5744690590973,12.2501633458497,22.2518734716877,24.5148392815454,"no","no",20.4580248069065,21.4827822453238,22.2518734716877,24.5148392815454,"no","no"
"107",106,3.55704526257398,4.76844670726223,22.3109758415001,24.1992026521536,"yes","no",4.20349200070608,6.23203546203004,22.3109758415001,24.1992026521536,"no","no",19.833950791509,21.174306458536,22.3109758415001,24.1992026521536,"no","no",14.0336494897087,14.2244530650567,22.3109758415001,24.1992026521536,"no","no",22.4825817912445,22.4825817912445,22.3109758415001,24.1992026521536,"no","no"
"108",107,3.06520292966061,3.06520292966061,23.9070984228534,25.0824465513235,"yes","no",2.7220304921143,2.7220304921143,23.9070984228534,25.0824465513235,"yes","no",23.0897446932616,26.5989479115246,23.9070984228534,25.0824465513235,"no","no",17.0433812959753,19.4429452758578,23.9070984228534,25.0824465513235,"no","no",25.3421198205675,27.5330153996979,23.9070984228534,25.0824465513235,"no","no"
"109",108,6.33988722297171,7.01122770989504,23.5530485075712,25.8207621498669,"no","no",3.74262822091642,3.75885102125636,23.5530485075712,25.8207621498669,"yes","no",20.7251556327088,23.5986654919298,23.5530485075712,25.8207621498669,"no","no",15.9453093416214,18.6321897263848,23.5530485075712,25.8207621498669,"no","no",22.2509186551926,24.7732414915772,23.5530485075712,25.8207621498669,"no","no"
"110",109,7.34824366770727,7.34824366770727,19.2900664591909,19.2900664591909,"no","no",5.83381470394801,7.98336990249105,19.2900664591909,19.2900664591909,"no","no",17.6266493979996,17.6266493979996,19.2900664591909,19.2900664591909,"no","no",13.1620254520343,13.1620254520343,19.2900664591909,19.2900664591909,"no","no",19.7738730146626,19.7738730146626,19.2900664591909,19.2900664591909,"no","no"
"111",110,11.5328849382971,11.933651159641,17.6621720634808,20.2282102520218,"no","no",8.70614662178395,9.32879124002676,17.6621720634808,20.2282102520218,"no","no",17.6057276475583,18.1888703057667,17.6621720634808,20.2282102520218,"no","no",14.9928420587959,14.9928420587959,17.6621720634808,20.2282102520218,"no","no",19.7282526849187,19.7282526849187,17.6621720634808,20.2282102520218,"no","no"
"112",111,9.8363173494962,9.8363173494962,15.8215169310657,15.8215169310657,"no","no",9.74468567989753,9.74468567989753,15.8215169310657,15.8215169310657,"no","no",19.6788186129147,19.6989521041095,15.8215169310657,15.8215169310657,"no","no",16.2964850811456,16.2964850811456,15.8215169310657,15.8215169310657,"no","no",21.8893264857556,22.2772303709415,15.8215169310657,15.8215169310657,"no","no"
"113",112,12.8948368349506,14.3504317705078,13.2742437072701,14.9977141591644,"no","no",12.8295691276052,14.2984290745522,13.2742437072701,14.9977141591644,"no","no",20.3296635732124,20.7125684066462,13.2742437072701,14.9977141591644,"no","no",19.5501516106653,19.8964485273126,13.2742437072701,14.9977141591644,"no","no",20.5569958165098,21.1688929800309,13.2742437072701,14.9977141591644,"no","no"
"114",113,8.50458023655489,8.50458023655489,13.1426272487658,13.2992090366307,"no","no",8.12940606686614,8.12940606686614,13.1426272487658,13.2992090366307,"no","no",22.7258176530571,24.5519273988826,13.1426272487658,13.2992090366307,"no","no",22.1342728138966,23.5003929541614,13.1426272487658,13.2992090366307,"no","no",22.236396762965,23.7090654813723,13.1426272487658,13.2992090366307,"no","no"
"115",114,11.5115603199566,14.0432588098347,8.72397575650001,8.72397575650001,"no","no",11.4558874383437,13.7911862071397,8.72397575650001,8.72397575650001,"no","no",18.8893373361799,18.8893373361799,8.72397575650001,8.72397575650001,"no","no",19.4612695115195,19.4612695115195,8.72397575650001,8.72397575650001,"no","no",18.5273443590818,18.5273443590818,8.72397575650001,8.72397575650001,"no","no"
"116",115,12.2071157117478,12.2071157117478,7.28411847789422,8.93881496620218,"no","no",11.9376512765284,11.9376512765284,7.28411847789422,8.93881496620218,"no","no",20.5447614977639,21.6898160895845,7.28411847789422,8.93881496620218,"no","no",22.2928863541714,23.2602640139789,7.28411847789422,8.93881496620218,"no","no",19.6671517256567,20.6782667793991,7.28411847789422,8.93881496620218,"no","no"
"117",116,13.4960434572507,15.2852089943187,3.08355136166077,3.08355136166077,"no","yes",12.8072215175658,14.537862566416,3.08355136166077,3.08355136166077,"no","yes",14.8052105692557,14.8052105692557,3.08355136166077,3.08355136166077,"no","yes",17.3715210617839,17.3715210617839,3.08355136166077,3.08355136166077,"no","yes",13.8058110953323,13.8058110953323,3.08355136166077,3.08355136166077,"no","yes"
"118",117,15.2235949433766,15.2235949433766,3.10838398528882,3.10838398528882,"no","yes",14.7607692550219,14.7607692550219,3.10838398528882,3.10838398528882,"no","yes",13.8071843255604,13.8071843255604,3.10838398528882,3.10838398528882,"no","yes",16.0815504538586,16.0815504538586,3.10838398528882,3.10838398528882,"no","yes",13.5312456558884,13.5312456558884,3.10838398528882,3.10838398528882,"no","yes"
"119",118,16.2958064851053,16.5611121003392,4.78083015803741,6.86796636567187,"no","no",15.4115444067102,15.7381679683501,4.78083015803741,6.86796636567187,"no","no",19.1666641072462,20.8948057420977,4.78083015803741,6.86796636567187,"no","no",22.4197426613242,22.8623993710197,4.78083015803741,6.86796636567187,"no","no",18.8354438492965,20.9928353968681,4.78083015803741,6.86796636567187,"no","no"
"120",119,18.4785577900441,19.3666329804641,2.77159538894118,2.77159538894118,"no","yes",17.3410516693769,18.7800690893298,2.77159538894118,2.77159538894118,"no","yes",15.4609242608584,15.4609242608584,2.77159538894118,2.77159538894118,"no","yes",20.0619503039959,20.0619503039959,2.77159538894118,2.77159538894118,"no","yes",16.562257243504,16.562257243504,2.77159538894118,2.77159538894118,"no","yes"
"121",120,16.3179544673957,16.3224396460823,3.57791405710087,3.57791405710087,"no","yes",15.4699663865181,15.6630370298994,3.57791405710087,3.57791405710087,"no","yes",16.09959083331,16.09959083331,3.57791405710087,3.57791405710087,"no","yes",20.5500525790082,20.5500525790082,3.57791405710087,3.57791405710087,"no","yes",17.4863325199997,17.4863325199997,3.57791405710087,3.57791405710087,"no","yes"
"122",121,16.0534077690688,18.8833631008886,6.98503142441034,6.98503142441034,"no","no",15.1953235569369,17.8449140653577,6.98503142441034,6.98503142441034,"no","no",19.5256199133344,19.5256199133344,6.98503142441034,6.98503142441034,"no","no",24.2629291924945,24.2629291924945,6.98503142441034,6.98503142441034,"no","no",21.2028636745134,21.2028636745134,6.98503142441034,6.98503142441034,"no","no"
"123",122,13.2580696181609,15.6724094191034,10.7062238441011,11.7725090783571,"no","no",11.6084687189999,14.1687817754386,10.7062238441011,11.7725090783571,"no","no",21.7280227586405,22.2439849622319,10.7062238441011,11.7725090783571,"no","no",25.6354795157025,27.7454504018226,10.7062238441011,11.7725090783571,"no","no",24.8839632494504,25.4171616432677,10.7062238441011,11.7725090783571,"no","no"
"124",123,10.7367733514311,11.7577421727133,10.8686378631363,10.8686378631363,"no","no",9.97158643346183,10.4272961979604,10.8686378631363,10.8686378631363,"no","no",23.9600844113705,24.4606891767178,10.8686378631363,10.8686378631363,"no","no",27.1952090633626,27.3657980333116,10.8686378631363,10.8686378631363,"no","no",24.4902802964768,24.5467676079764,10.8686378631363,10.8686378631363,"no","no"
"125",124,6.32201819041989,8.13204777408495,12.5333912808944,12.9048252215983,"no","no",5.48250608754792,7.13735553268856,12.5333912808944,12.9048252215983,"no","no",24.4119561076125,24.4119561076125,12.5333912808944,12.9048252215983,"no","no",26.3492968407128,26.3492968407128,12.5333912808944,12.9048252215983,"no","no",24.4907641775425,24.4907641775425,12.5333912808944,12.9048252215983,"no","no"
"126",125,5.36533447233255,5.36533447233255,12.9947692938351,13.2738790110502,"no","no",4.74670843848661,4.74670843848661,12.9947692938351,13.2738790110502,"yes","no",24.9606517943743,24.9606517943743,12.9947692938351,13.2738790110502,"no","no",26.6644404591583,26.6644404591583,12.9947692938351,13.2738790110502,"no","no",24.5205417966243,24.5205417966243,12.9947692938351,13.2738790110502,"no","no"
"127",126,8.03378547137027,8.82257700448117,15.2307842542661,16.8669723720649,"no","no",6.83469874976213,8.25609374946772,15.2307842542661,16.8669723720649,"no","no",28.7937192630615,29.7113064505753,15.2307842542661,16.8669723720649,"no","no",30.9429553372007,33.3463865958517,15.2307842542661,16.8669723720649,"no","no",27.9193347521032,29.9801612570713,15.2307842542661,16.8669723720649,"no","no"
"128",127,11.1248944714096,13.3968314910653,14.8302282180687,14.8302282180687,"no","no",9.85260889308005,12.149721848668,14.8302282180687,14.8302282180687,"no","no",28.0438508411381,28.0438508411381,14.8302282180687,14.8302282180687,"no","no",30.3689179919206,30.3689179919206,14.8302282180687,14.8302282180687,"no","no",28.6281434431225,28.6281434431225,14.8302282180687,14.8302282180687,"no","no"
"129",128,8.96056516074739,11.3334007694072,18.0044091821976,20.3915672276557,"no","no",8.9608785841568,9.78190155337908,18.0044091821976,20.3915672276557,"no","no",32.0169826654543,34.5660681160007,18.0044091821976,20.3915672276557,"no","no",33.5191008978463,35.9565061289331,18.0044091821976,20.3915672276557,"no","no",31.1780595611722,33.4595153282291,18.0044091821976,20.3915672276557,"no","no"
"130",129,3.60667228896666,3.60667228896666,17.4478513576887,17.4478513576887,"yes","no",3.6273502725819,3.6273502725819,17.4478513576887,17.4478513576887,"yes","no",29.4695539328304,29.4695539328304,17.4478513576887,17.4478513576887,"no","no",29.8008818829242,29.8008818829242,17.4478513576887,17.4478513576887,"no","no",29.3992195304569,29.3992195304569,17.4478513576887,17.4478513576887,"no","no"
"131",130,8.25589861856358,8.98569652280779,14.583687153803,14.583687153803,"no","no",7.8620416559568,8.53199279183943,14.583687153803,14.583687153803,"no","no",28.0369999108321,28.0369999108321,14.583687153803,14.583687153803,"no","no",29.0080124276035,29.0080124276035,14.583687153803,14.583687153803,"no","no",26.7911666599273,26.7911666599273,14.583687153803,14.583687153803,"no","no"
"132",131,8.87005732788689,11.111828832375,17.3738287375006,17.7000832483918,"no","no",8.82454678722936,11.5994829195098,17.3738287375006,17.7000832483918,"no","no",30.5199290628271,31.046572709399,17.3738287375006,17.7000832483918,"no","no",30.7158499963781,31.9683533201196,17.3738287375006,17.7000832483918,"no","no",29.5627098385787,30.3660638707094,17.3738287375006,17.7000832483918,"no","no"
"133",132,5.77102399925698,6.51053638343263,20.0539598334095,21.7963914673966,"no","no",5.50569069236549,6.95861379873894,20.0539598334095,21.7963914673966,"no","no",32.7733491422528,34.8075901061823,20.0539598334095,21.7963914673966,"no","no",30.0926407781039,32.9704216078594,20.0539598334095,21.7963914673966,"no","no",31.8890110382872,33.438981937254,20.0539598334095,21.7963914673966,"no","no"
"134",133,3.89841377998796,3.89841377998796,15.9392264868782,15.9392264868782,"yes","no",3.72723436343893,3.72723436343893,15.9392264868782,15.9392264868782,"yes","no",27.857566171509,27.857566171509,15.9392264868782,15.9392264868782,"no","no",25.9201162227333,25.9201162227333,15.9392264868782,15.9392264868782,"no","no",27.0792840378028,27.0792840378028,15.9392264868782,15.9392264868782,"no","no"
"135",134,7.58848944125245,10.3711766449135,18.3071558140526,18.3071558140526,"no","no",7.65663183129501,10.2982661161965,18.3071558140526,18.3071558140526,"no","no",28.461101489577,28.461101489577,18.3071558140526,18.3071558140526,"no","no",26.4652158502439,27.1021047706631,18.3071558140526,18.3071558140526,"no","no",28.2613575753183,28.2613575753183,18.3071558140526,18.3071558140526,"no","no"
"136",135,4.49030166024511,7.20152018673835,21.2603927292042,23.1337698397818,"no","no",4.44164901810127,6.3950894442533,21.2603927292042,23.1337698397818,"no","no",30.6621676500537,32.897385260838,21.2603927292042,23.1337698397818,"no","no",28.2948285204205,30.6437177085288,21.2603927292042,23.1337698397818,"no","no",31.0608130769302,33.4455037486356,21.2603927292042,23.1337698397818,"no","no"
"137",136,3.16183206385159,3.24850950437274,21.3855927904746,21.3855927904746,"yes","no",2.97623201380537,2.97623201380537,21.3855927904746,21.3855927904746,"yes","no",30.5731224934582,31.0379515110131,21.3855927904746,21.3855927904746,"no","no",26.3970892713572,28.1689992722496,21.3855927904746,21.3855927904746,"no","no",31.5027414362623,31.5027414362623,21.3855927904746,21.3855927904746,"no","no"
"138",137,3.52413691561494,3.52413691561494,17.9370653675566,17.9370653675566,"yes","no",3.77665288317579,3.77665288317579,17.9370653675566,17.9370653675566,"yes","no",26.4176776609906,26.4176776609906,17.9370653675566,17.9370653675566,"no","no",23.1798756036351,23.2652670089986,17.9370653675566,17.9370653675566,"no","no",27.6649056025861,27.6649056025861,17.9370653675566,17.9370653675566,"no","no"
"139",138,4.68893058169984,4.68893058169984,22.525685827517,23.4586313539388,"yes","no",6.15862533362762,7.30913907378974,22.525685827517,23.4586313539388,"no","no",26.8384826135905,28.5611140013831,22.525685827517,23.4586313539388,"no","no",23.898251672455,25.3657991397866,22.525685827517,23.4586313539388,"no","no",29.3132231083516,30.8353773772918,22.525685827517,23.4586313539388,"no","no"
"140",139,6.92382452117325,7.75022973853033,17.1799961874268,17.1799961874268,"no","no",8.51958121036475,8.51958121036475,17.1799961874268,17.1799961874268,"no","no",23.9006864754969,23.9006864754969,17.1799961874268,17.1799961874268,"no","no",21.7279069171423,21.7279069171423,17.1799961874268,17.1799961874268,"no","no",25.2022467649216,25.2022467649216,17.1799961874268,17.1799961874268,"no","no"
"141",140,10.4300640937628,10.7225208323416,16.7180918169509,18.2652098537082,"no","no",11.519174536398,11.8055626295404,16.7180918169509,18.2652098537082,"no","no",24.4050668099884,24.4050668099884,16.7180918169509,18.2652098537082,"no","no",23.3986597479428,23.3986597479428,16.7180918169509,18.2652098537082,"no","no",25.0486922612738,25.4873603380185,16.7180918169509,18.2652098537082,"no","no"
"142",141,11.4715077474585,11.4715077474585,12.2971308035655,12.2971308035655,"no","no",11.1380585830745,11.1380585830745,12.2971308035655,12.2971308035655,"no","no",25.0410382771961,25.0410382771961,12.2971308035655,12.2971308035655,"no","no",25.9270695220266,26.1893236835165,12.2971308035655,12.2971308035655,"no","no",24.2808665825584,24.2808665825584,12.2971308035655,12.2971308035655,"no","no"
"143",142,14.7348892768151,16.9093286087887,10.3931180114535,11.6341027157233,"no","no",14.3276119782747,16.5682983435234,10.3931180114535,11.6341027157233,"no","no",21.5635236684546,21.5635236684546,10.3931180114535,11.6341027157233,"no","no",22.2067309840958,22.2067309840958,10.3931180114535,11.6341027157233,"no","no",21.1330901195258,21.2831098526508,10.3931180114535,11.6341027157233,"no","no"
"144",143,15.3592350395454,15.3592350395454,8.53115185657834,9.96021048974368,"no","no",12.5673135156246,12.5673135156246,8.53115185657834,9.96021048974368,"no","no",21.151454914497,23.28675788941,8.53115185657834,9.96021048974368,"no","no",22.2275332414553,24.8129954056337,8.53115185657834,9.96021048974368,"no","no",21.1006902967652,23.2381235257927,8.53115185657834,9.96021048974368,"no","no"
"145",144,17.1164770031686,17.1827943594748,4.70658984828719,5.82781399840455,"no","no",16.5656145373481,16.7451550007756,4.70658984828719,5.82781399840455,"no","no",17.5355742135808,17.5355742135808,4.70658984828719,5.82781399840455,"no","no",18.7426079828822,18.7426079828822,4.70658984828719,5.82781399840455,"no","no",17.3466148859079,17.3466148859079,4.70658984828719,5.82781399840455,"no","no"
"146",145,19.5641076719589,20.4421558060788,3.44176422783432,3.62768838242757,"no","yes",18.9193125139367,19.442953813657,3.44176422783432,3.62768838242757,"no","yes",14.9763776995641,16.1739606157552,3.44176422783432,3.62768838242757,"no","yes",17.1020261665102,19.1508020980846,3.44176422783432,3.62768838242757,"no","yes",15.4206039440743,16.4087250875868,3.44176422783432,3.62768838242757,"no","yes"
"147",146,20.6130133168346,21.3204229085635,2.7819464408935,3.66168758907693,"no","yes",20.7176800342123,21.9988377420263,2.7819464408935,3.66168758907693,"no","yes",11.3138538968824,11.8384742682493,2.7819464408935,3.66168758907693,"no","yes",14.2055856619852,14.3337074408542,2.7819464408935,3.66168758907693,"no","yes",11.8682818048781,11.8682818048781,2.7819464408935,3.66168758907693,"no","yes"
"148",147,22.4918017286299,22.9509574745804,3.53833378866381,3.8287215882067,"no","yes",22.4771956880746,22.7375303848065,3.53833378866381,3.8287215882067,"no","yes",11.9202081357668,11.9202081357668,3.53833378866381,3.8287215882067,"no","yes",16.2439304972657,17.0449605455689,3.53833378866381,3.8287215882067,"no","yes",13.4441320285097,13.9795108998849,3.53833378866381,3.8287215882067,"no","yes"
"149",148,23.3829747679802,23.3829747679802,5.73028882343639,6.84971751242341,"no","no",22.0835155942164,22.0835155942164,5.73028882343639,6.84971751242341,"no","no",14.8636736374289,17.0731821872784,5.73028882343639,6.84971751242341,"no","no",17.5850496160801,19.8112511719982,5.73028882343639,6.84971751242341,"no","no",15.7128719844591,17.9639193384963,5.73028882343639,6.84971751242341,"no","no"
"150",149,24.5157218739322,26.6840471255767,6.92089228351374,9.03399009297664,"no","no",24.3560799185747,26.3556753850096,6.92089228351374,9.03399009297664,"no","no",11.920839148315,11.920839148315,6.92089228351374,9.03399009297664,"no","no",12.2743834875728,12.2743834875728,6.92089228351374,9.03399009297664,"no","no",11.0950687244379,12.2735858248517,6.92089228351374,9.03399009297664,"no","no"
"151",150,21.0323781822218,21.0323781822218,7.25287777368404,8.00641954933664,"no","no",19.7266987354702,19.7266987354702,7.25287777368404,8.00641954933664,"no","no",17.302602578803,19.4417597454551,7.25287777368404,8.00641954933664,"no","no",18.5500952827742,20.9244797784796,7.25287777368404,8.00641954933664,"no","no",17.3611143651553,19.7356829625934,7.25287777368404,8.00641954933664,"no","no"
"152",151,20.8273298816723,21.6688946187848,9.48235614180358,9.7953775833298,"no","no",20.4085790049185,21.0250565278669,9.48235614180358,9.7953775833298,"no","no",18.626350850341,19.8350177716079,9.48235614180358,9.7953775833298,"no","no",18.5977534664808,19.8559821212651,9.48235614180358,9.7953775833298,"no","no",17.5928472112958,19.0671933173186,9.48235614180358,9.7953775833298,"no","no"
"153",152,22.255560833194,22.4526551881955,7.42688864868728,7.42688864868728,"no","no",21.8233586324379,22.1955085771874,7.42688864868728,7.42688864868728,"no","no",13.6711766135911,13.6711766135911,7.42688864868728,7.42688864868728,"no","no",13.6129158522339,13.6129158522339,7.42688864868728,7.42688864868728,"no","no",12.6845512731038,12.9875679786479,7.42688864868728,7.42688864868728,"no","no"
"154",153,22.8048026959235,26.0117187821182,11.7234593870581,13.7700593317531,"no","no",23.1246429810278,25.7452514068129,11.7234593870581,13.7700593317531,"no","no",14.3755454157399,14.3755454157399,11.7234593870581,13.7700593317531,"no","no",14.4967341494559,14.4967341494559,11.7234593870581,13.7700593317531,"no","no",13.2137436784584,14.5455054570132,11.7234593870581,13.7700593317531,"no","no"
"155",154,19.8613471345727,20.442847282118,13.3167077763237,13.732288410895,"no","no",19.4511941278678,19.4511941278678,13.3167077763237,13.732288410895,"no","no",18.0291764925634,20.3497965837499,13.3167077763237,13.732288410895,"no","no",18.8751300392871,21.0783938192643,13.3167077763237,13.732288410895,"no","no",17.6493338684495,20.7564095642768,13.3167077763237,13.732288410895,"no","no"
"156",155,18.6170471074228,18.936984897285,11.2527313573194,11.2527313573194,"no","no",18.5308011159798,18.5890703909582,11.2527313573194,11.2527313573194,"no","no",17.3742106007726,17.710995172491,11.2527313573194,11.2527313573194,"no","no",18.378362984771,18.4678507953687,11.2527313573194,11.2527313573194,"no","no",17.6340373993025,17.8458268511156,11.2527313573194,11.2527313573194,"no","no"
"157",156,20.1947076978103,20.1947076978103,10.431031300883,10.431031300883,"no","no",19.374010736035,20.7154018787954,10.431031300883,10.431031300883,"no","no",11.9827876973599,11.9827876973599,10.431031300883,10.431031300883,"no","no",12.7461480848137,12.8653858861676,10.431031300883,10.431031300883,"no","no",12.4709856466921,12.5602637313076,10.431031300883,10.431031300883,"no","no"
"158",157,19.3363610330382,22.0671544608724,16.1195351359771,16.9892129599932,"no","no",18.7886132537769,20.5777447500935,16.1195351359771,16.9892129599932,"no","no",14.0091733874629,14.0091733874629,16.1195351359771,16.9892129599932,"no","no",15.580190306925,15.580190306925,16.1195351359771,16.9892129599932,"no","no",14.7980454114724,15.8943673670895,16.1195351359771,16.9892129599932,"no","no"
"159",158,15.6316035325874,15.6316035325874,16.9190494413841,16.9190494413841,"no","no",15.4305269514686,15.8881084462563,16.9190494413841,16.9190494413841,"no","no",18.6659221845587,20.9273235030187,16.9190494413841,16.9190494413841,"no","no",19.0859573770875,21.2015444248762,16.9190494413841,16.9190494413841,"no","no",19.7240579242711,21.6208771561193,16.9190494413841,16.9190494413841,"no","no"
"160",159,15.253900025895,15.253900025895,14.936306538097,14.936306538097,"no","no",14.0048042471146,14.0048042471146,14.936306538097,14.936306538097,"no","no",15.5987256851321,15.5987256851321,14.936306538097,14.936306538097,"no","no",14.5309476979308,14.5309476979308,14.936306538097,14.936306538097,"no","no",16.5732340235694,16.5732340235694,14.936306538097,14.936306538097,"no","no"
"161",160,17.9762076367625,20.2944512860043,19.1412014774413,19.2511112406531,"no","no",16.1780322969142,18.8233379877215,19.1412014774413,19.2511112406531,"no","no",13.7976299776447,13.7976299776447,19.1412014774413,19.2511112406531,"no","no",14.4257543650237,14.4257543650237,19.1412014774413,19.2511112406531,"no","no",15.6444216575749,15.6444216575749,19.1412014774413,19.2511112406531,"no","no"
"162",161,15.2873405797084,17.3062082791119,19.5573411536436,19.5573411536436,"no","no",13.5385843425374,13.5385843425374,19.5573411536436,19.5573411536436,"no","no",18.2177571890724,19.3851940150208,19.5573411536436,19.5573411536436,"no","no",18.0544739607666,20.5034675116186,19.5573411536436,19.5573411536436,"no","no",20.1940524660109,21.8248405950651,19.5573411536436,19.5573411536436,"no","no"
"163",162,10.5713967856665,10.5713967856665,20.7805641165008,20.7805641165008,"no","no",10.0503208903995,10.0503208903995,20.7805641165008,20.7805641165008,"no","no",20.36873842436,20.9676223735549,20.7805641165008,20.7805641165008,"no","no",18.2638673341656,19.1969358492443,20.7805641165008,20.7805641165008,"no","no",21.1111232292363,22.3820436287663,20.7805641165008,20.7805641165008,"no","no"
"164",163,15.1671950603927,16.7413739280861,19.4773756189072,19.4773756189072,"no","no",13.0862313520738,14.100244572347,19.4773756189072,19.4773756189072,"no","no",14.9515461073429,14.9515461073429,19.4773756189072,19.4773756189072,"no","no",13.0078860696118,13.0078860696118,19.4773756189072,19.4773756189072,"no","no",16.0020082802128,16.0020082802128,19.4773756189072,19.4773756189072,"no","no"
"165",164,15.27120614097,17.8563410305695,24.3505008367385,24.8357647556905,"no","no",14.3192703724736,16.3949768831798,24.3505008367385,24.8357647556905,"no","no",14.8555003618188,14.8555003618188,24.3505008367385,24.8357647556905,"no","no",17.3971772710403,17.7907259548339,24.3505008367385,24.8357647556905,"no","no",18.2201734624015,18.2201734624015,24.3505008367385,24.8357647556905,"no","no"
"166",165,10.7996248082977,11.7615514282768,25.2940281489525,25.2940281489525,"no","no",11.2147956735734,11.2147956735734,25.2940281489525,25.2940281489525,"no","no",21.5462168373012,24.3315265858926,25.2940281489525,25.2940281489525,"no","no",NA,NA,NA,NA,NA,NA,22.1125643243836,24.1548128951561,25.2940281489525,25.2940281489525,"no","no"
"167",166,9.95455719758544,9.95455719758544,24.9986053410985,24.9986053410985,"no","no",8.16246813163763,8.16246813163763,24.9986053410985,24.9986053410985,"no","no",NA,NA,NA,NA,NA,NA,NA,NA,NA,NA,NA,NA,19.8786464579458,19.8786464579458,24.9986053410985,24.9986053410985,"no","no"
"168",167,NA,NA,NA,NA,NA,NA,NA,NA,NA,NA,NA,NA,NA,NA,NA,NA,NA,NA,NA,NA,NA,NA,NA,NA,14.8735855461956,14.8735855461956,26.0200952726926,26.0200952726926,"no","no"
