mutation,position,direction,classification,ddG_X,ddG_X_std,ddG_Y,ddG_Y_std,is_NBP,p_value_X,p_value_Y,adj_p_value_X,adj_p_value_Y
D57F,57,Disrupting in K27 / Promoting in K13,Disrupting in X / Promoting in Y,1.8817744,0.1438642,-0.5169428,0.07890101,TRUE,1.52022685675633e-27,0.00114176232737649,4.46466624247386e-26,0.00573967007816288
D57I,57,Disrupting in K27 / Promoting in K13,Disrupting in X / Promoting in Y,1.4253349,0.16737683,-0.5545349,0.10225507,TRUE,3.58946951386774e-11,0.00400572724778428,3.1198192971e-10,0.0168312937068044
D57L,57,Disrupting in K27 / Promoting in K13,Disrupting in X / Promoting in Y,1.7054086,0.20119274,-0.42552075,0.058065373,TRUE,5.21925286355068e-12,0.0044290697755706,4.88648170782094e-11,0.0182797406417781
D57V,57,Disrupting in K27 / Promoting in K13,Disrupting in X / Promoting in Y,0.88693935,0.04051933,-0.5963305,0.09311434,TRUE,6.79525492193553e-45,0.000307297905652444,4.21305805160003e-43,0.00185978558952347
E37P,37,Disrupting in K27 / Promoting in K13,Disrupting in X / Promoting in Y,0.8074408,0.0853994,-1.1123189,0.14345028,FALSE,9.49038657263456e-09,2.85630985183071e-09,6.33449247312211e-08,5.45829074425184e-08
G10W,10,Disrupting in K27 / Promoting in K13,Disrupting in X / Promoting in Y,0.68649113,0.16047835,-0.8007107,0.05656648,FALSE,0.0214101227233485,1.24780477818102e-21,0.0409138646562618,7.25286527317719e-20
G10Y,10,Disrupting in K27 / Promoting in K13,Disrupting in X / Promoting in Y,0.6528398,0.0996969,-0.75500107,0.15056023,FALSE,0.000763302192891453,0.00101655209647875,0.00215547886454165,0.00516608442472806
I55E,55,Disrupting in K27 / Promoting in K13,Disrupting in X / Promoting in Y,1.0388008,0.21348892,-0.4469696,0.077088706,FALSE,0.000725781355902093,0.0154428845313491,0.00205994911797237,0.0495237331522575
I55K,55,Disrupting in K27 / Promoting in K13,Disrupting in X / Promoting in Y,1.18498,0.17613481,-0.64829427,0.124716885,FALSE,8.37911827645768e-07,0.00186325290374681,4.28170722716387e-06,0.00878120878623918
I55R,55,Disrupting in K27 / Promoting in K13,Disrupting in X / Promoting in Y,1.4429432,0.1358608,-0.57616466,0.06904472,FALSE,1.17718600857381e-16,4.7586953609362e-06,1.71059841870882e-15,4.59403462180346e-05
L53R,53,Disrupting in K27 / Promoting in K13,Disrupting in X / Promoting in Y,0.88822424,0.21766885,-0.6385779,0.081795886,FALSE,0.00871640684549313,3.74653584494255e-06,0.0187500193515234,3.73315535978205e-05
V114W,114,Disrupting in K27 / Promoting in K13,Disrupting in X / Promoting in Y,1.0551417,0.13129282,-0.55539626,0.12039867,FALSE,1.91015347678728e-08,0.0142378795320021,1.22795580650611e-07,0.0461366828040485
