AA_Pos,RASA,Pos
MET1,0.59,1
THR2,0.44,2
GLU3,0.4,3
TYR4,0.07,4
LYS5,0.38,5
LEU6,0.01,6
VAL7,0.03,7
VAL8,0.01,8
VAL9,0.01,9
GLY10,0.03,10
ALA11,0.13,11
GLY12,0.54,12
GLY13,0.61,13
VAL14,0,14
GLY15,0.24,15
LYS16,0.06,16
SER17,0.17,17
ALA18,0.14,18
LEU19,0.03,19
THR20,0,20
ILE21,0.06,21
GLN22,0.06,22
LEU23,0.01,23
ILE24,0.21,24
GLN25,0.59,25
ASN26,0.56,26
HIS27,0.44,27
PHE28,0.39,28
VAL29,0.26,29
ASP30,0.82,30
GLU31,0.92,31
TYR32,0.34,32
ASP33,0.56,33
PRO34,0.59,34
THR35,0.64,35
ILE36,0.38,36
GLU37,0.46,37
ASP38,0.37,38
SER39,0.74,39
TYR40,0.15,40
ARG41,0.62,41
LYS42,0.2,42
GLN43,0.69,43
VAL44,0.08,44
VAL45,0.6,45
ILE46,0.01,46
ASP47,0.66,47
GLY48,0.77,48
GLU49,0.33,49
THR50,0.43,50
CYS51,0,51
LEU52,0.17,52
LEU53,0,53
ASP54,0.19,54
ILE55,0,55
LEU56,0.19,56
ASP57,0,57
THR58,0.05,58
ALA59,0.27,59
GLY60,0.28,60
GLN61,0.56,61
GLU62,0.78,62
GLU63,0.89,63
TYR64,0.68,64
SER65,0.6,65
ALA66,0.72,66
MET67,0.57,67
ARG68,0.19,68
ASP69,0.31,69
GLN70,0.66,70
TYR71,0.1,71
MET72,0.01,72
ARG73,0.68,73
THR74,0.56,74
GLY75,0.03,75
GLU76,0.35,76
GLY77,0,77
PHE78,0,78
LEU79,0.01,79
CYS80,0.02,80
VAL81,0,81
PHE82,0,82
ALA83,0.02,83
ILE84,0.01,84
ASN85,0.36,85
ASN86,0.39,86
THR87,0.38,87
LYS88,0.59,88
SER89,0.02,89
PHE90,0.16,90
GLU91,0.59,91
ASP92,0.23,92
ILE93,0.02,93
HIS94,0.51,94
HIS95,0.64,95
TYR96,0.16,96
ARG97,0.2,97
GLU98,0.48,98
GLN99,0.11,99
ILE100,0,100
LYS101,0.1,101
ARG102,0.73,102
VAL103,0.14,103
LYS104,0.29,104
ASP105,0.86,105
SER106,0.34,106
GLU107,0.76,107
ASP108,0.64,108
VAL109,0.12,109
PRO110,0.1,110
MET111,0.05,111
VAL112,0,112
LEU113,0,113
VAL114,0.01,114
GLY115,0,115
ASN116,0.03,116
LYS117,0.31,117
CYS118,0.2,118
ASP119,0.42,119
LEU120,0.41,120
PRO121,0.93,121
SER122,0.52,122
ARG123,0.42,123
THR124,0.54,124
VAL125,0.01,125
ASP126,0.55,126
THR127,0.3,127
LYS128,0.64,128
GLN129,0.5,129
ALA130,0.01,130
GLN131,0.47,131
ASP132,0.43,132
LEU133,0.2,133
ALA134,0.03,134
ARG135,0.74,135
SER136,0.75,136
TYR137,0.21,137
GLY138,0.75,138
ILE139,0.19,139
PRO140,0.26,140
PHE141,0.22,141
ILE142,0.16,142
GLU143,0.24,143
THR144,0.01,144
SER145,0,145
ALA146,0.04,146
LYS147,0.62,147
THR148,0.62,148
ARG149,0.31,149
GLN150,0.53,150
GLY151,0.17,151
VAL152,0.01,152
ASP153,0.29,153
ASP154,0.57,154
ALA155,0.03,155
PHE156,0.01,156
TYR157,0.21,157
THR158,0.17,158
LEU159,0,159
VAL160,0,160
ARG161,0.36,161
GLU162,0.16,162
ILE163,0.1,163
ARG164,0.34,164
LYS165,0.7,165
HIS166,0.52,166
