Pos_real,R,pvalue,n_points,n_mutations,has_wt,pair,outside_n,total_n,outside_fraction,category,line_color,y_index,y,point_fill,outside_mapped
2,0.843929599221789,2.91839701164525e-06,20,19,TRUE,RAF1 vs K13,4,19,0.210526315789474,outside,positive_allosteric,74,2,sig,-0.578947368421053
3,0.313928201008183,0.177689587781292,20,19,TRUE,RAF1 vs K13,3,19,0.157894736842105,outside,other,142,3,ns,-0.68421052631579
4,0.311971889814915,0.180552962977015,20,19,TRUE,RAF1 vs K13,1,19,0.0526315789473684,outside,other,143,4,ns,-0.894736842105263
5,0.875272882020045,4.37464403547765e-07,20,19,TRUE,RAF1 vs K13,0,0,0,interface,other,1,5,sig,-1
6,0.258856158902994,0.270453960741658,20,19,TRUE,RAF1 vs K13,10,19,0.526315789473684,outside,other,148,6,ns,0.0526315789473684
7,0.378541950677301,0.0998050602856807,20,19,TRUE,RAF1 vs K13,11,19,0.578947368421053,outside,other,134,7,ns,0.157894736842105
8,-0.224445246369473,0.341435512034626,20,19,TRUE,RAF1 vs K13,9,19,0.473684210526316,outside,other,171,8,ns,-0.0526315789473685
9,0.67724285850136,0.00103729526537366,20,19,TRUE,RAF1 vs K13,6,19,0.315789473684211,outside,positive_allosteric,111,9,sig,-0.368421052631579
10,-0.146607571755274,0.537380185450684,20,19,TRUE,RAF1 vs K13,19,19,1,outside,other,167,10,ns,1
11,0.760063207245402,0.000100765108633877,20,19,TRUE,RAF1 vs K13,3,19,0.157894736842105,outside,positive_allosteric,94,11,sig,-0.68421052631579
12,0.664357449570574,0.00139839863467332,20,19,TRUE,RAF1 vs K13,2,19,0.105263157894737,outside,positive_allosteric,113,12,sig,-0.789473684210526
13,0.574651429930587,0.00804360325358508,20,19,TRUE,RAF1 vs K13,1,19,0.0526315789473684,outside,positive_allosteric,119,13,sig,-0.894736842105263
14,0.157327086610765,0.50769622435196,20,19,TRUE,RAF1 vs K13,6,19,0.315789473684211,outside,other,154,14,ns,-0.368421052631579
15,-0.166904575934216,0.48185878534085,20,19,TRUE,RAF1 vs K13,19,19,1,outside,other,168,15,ns,1
16,-0.242398330979293,0.303151959217922,20,19,TRUE,RAF1 vs K13,16,19,0.842105263157895,outside,other,172,16,ns,0.684210526315789
17,-0.288876046601171,0.216736117291539,20,19,TRUE,RAF1 vs K13,18,19,0.947368421052632,outside,other,174,17,ns,0.894736842105263
18,0.340630075689924,0.141662966396639,20,19,TRUE,RAF1 vs K13,9,19,0.473684210526316,outside,other,140,18,ns,-0.0526315789473685
19,-0.204448245383759,0.387239764933441,20,19,TRUE,RAF1 vs K13,11,19,0.578947368421053,outside,other,170,19,ns,0.157894736842105
20,0.105634848366511,0.657593073550735,20,19,TRUE,RAF1 vs K13,12,19,0.631578947368421,outside,other,157,20,ns,0.263157894736842
21,-0.441850496437822,0.0511141790404182,20,19,TRUE,RAF1 vs K13,0,0,0,interface,other,2,21,ns,-1
22,0.340668564942124,0.141615065877987,20,19,TRUE,RAF1 vs K13,6,19,0.315789473684211,outside,other,139,22,ns,-0.368421052631579
23,-0.14496005188047,0.542011896703882,20,19,TRUE,RAF1 vs K13,8,19,0.421052631578947,outside,other,166,23,ns,-0.157894736842105
24,-0.140745011456378,0.56548263844315,19,18,TRUE,RAF1 vs K13,0,0,0,interface,other,3,24,ns,-1
25,0.0597459850090378,0.802424273110491,20,19,TRUE,RAF1 vs K13,0,0,0,interface,other,4,25,ns,-1
26,0.743925665547444,0.000169680808972163,20,19,TRUE,RAF1 vs K13,2,19,0.105263157894737,outside,positive_allosteric,98,26,sig,-0.789473684210526
27,0.592749798647602,0.00588230995012241,20,19,TRUE,RAF1 vs K13,0,0,0,interface,other,5,27,sig,-1
28,-0.121053459991473,0.611183037508561,20,19,TRUE,RAF1 vs K13,16,19,0.842105263157895,outside,other,165,28,ns,0.684210526315789
29,-0.607757202259448,0.00447515457090333,20,19,TRUE,RAF1 vs K13,0,0,0,interface,other,6,29,sig,-1
30,0.82455468677099,7.7626589369265e-06,20,19,TRUE,RAF1 vs K13,1,19,0.0526315789473684,outside,positive_allosteric,80,30,sig,-0.894736842105263
31,0.0488297991949067,0.838014489836096,20,19,TRUE,RAF1 vs K13,0,0,0,interface,other,7,31,ns,-1
32,-0.249355756579815,0.289048248568146,20,19,TRUE,RAF1 vs K13,13,19,0.68421052631579,outside,other,173,32,ns,0.368421052631579
33,-0.391740275934444,0.0876065353735697,20,19,TRUE,RAF1 vs K13,0,0,0,interface,other,8,33,ns,-1
34,-0.0494257986106558,0.83606285915298,20,19,TRUE,RAF1 vs K13,17,19,0.894736842105263,outside,other,162,34,ns,0.789473684210526
35,-0.0504658951749825,0.832659224137101,20,19,TRUE,RAF1 vs K13,19,19,1,outside,other,163,35,ns,1
36,-0.602466729491805,0.00493537625541373,20,19,TRUE,RAF1 vs K13,0,0,0,interface,other,9,36,sig,-1
37,-0.109618730995689,0.655070804823787,19,18,TRUE,RAF1 vs K13,0,0,0,interface,other,10,37,ns,-1
38,-0.390401592077144,0.0887910879663566,20,19,TRUE,RAF1 vs K13,0,0,0,interface,other,11,38,ns,-1
39,-0.137176323201186,0.564136969204393,20,19,TRUE,RAF1 vs K13,0,0,0,interface,other,12,39,ns,-1
40,-0.612179841097991,0.0041181850377932,20,19,TRUE,RAF1 vs K13,0,0,0,interface,other,13,40,sig,-1
41,-0.396218598946318,0.0837283944866617,20,19,TRUE,RAF1 vs K13,0,0,0,interface,other,14,41,ns,-1
42,0.51965756283453,0.0188556733219558,20,19,TRUE,RAF1 vs K13,0,19,0,inside_box,other,183,42,sig,-1
43,0.856339011154565,1.45209862142313e-06,20,19,TRUE,RAF1 vs K13,0,0,0,interface,other,15,43,sig,-1
44,0.373974594831954,0.104301404224963,20,19,TRUE,RAF1 vs K13,1,19,0.0526315789473684,outside,other,135,44,ns,-0.894736842105263
45,0.826269206298237,7.15344403713087e-06,20,19,TRUE,RAF1 vs K13,1,19,0.0526315789473684,outside,positive_allosteric,79,45,sig,-0.894736842105263
46,0.572111123752232,0.00839309829611532,20,19,TRUE,RAF1 vs K13,0,19,0,inside_box,other,182,46,sig,-1
47,0.903088222105197,5.01501238590922e-08,20,19,TRUE,RAF1 vs K13,2,19,0.105263157894737,outside,positive_allosteric,60,47,sig,-0.789473684210526
48,0.930405089464849,2.82047866047545e-09,20,19,TRUE,RAF1 vs K13,0,19,0,inside_box,other,177,48,sig,-1
49,0.920569464203558,8.93599234099478e-09,20,19,TRUE,RAF1 vs K13,0,19,0,inside_box,other,178,49,sig,-1
50,0.85149903692941,1.92067911981171e-06,20,19,TRUE,RAF1 vs K13,0,19,0,inside_box,other,179,50,sig,-1
51,0.710748799799574,0.000444013595080444,20,19,TRUE,RAF1 vs K13,0,19,0,inside_box,other,180,51,sig,-1
52,0.542421329258599,0.0134765431583321,20,19,TRUE,RAF1 vs K13,0,0,0,interface,other,16,52,sig,-1
53,-0.565012549035371,0.00943590283805722,20,19,TRUE,RAF1 vs K13,9,19,0.473684210526316,outside,negative_allosteric,175,53,sig,-0.0526315789473685
54,0.406366755150854,0.0754118671679601,20,19,TRUE,RAF1 vs K13,0,0,0,interface,other,17,54,ns,-1
55,-0.754627877112609,0.000120621234426516,20,19,TRUE,RAF1 vs K13,13,19,0.68421052631579,outside,negative_allosteric,176,55,sig,0.368421052631579
56,-0.242385314646223,0.317397948016882,19,18,TRUE,RAF1 vs K13,0,0,0,interface,other,18,56,ns,-1
57,-0.175586961974328,0.459015213907553,20,19,TRUE,RAF1 vs K13,19,19,1,outside,other,169,57,ns,1
58,0.229517520531197,0.330344484382497,20,19,TRUE,RAF1 vs K13,11,19,0.578947368421053,outside,other,151,58,ns,0.157894736842105
59,0.687690205112508,0.000805500590614071,20,19,TRUE,RAF1 vs K13,10,19,0.526315789473684,outside,positive_allosteric,108,59,sig,0.0526315789473684
60,0.189858199756143,0.422707677422107,20,19,TRUE,RAF1 vs K13,17,19,0.894736842105263,outside,other,152,60,ns,0.789473684210526
61,0.838056836718596,3.97826397747877e-06,20,19,TRUE,RAF1 vs K13,1,19,0.0526315789473684,outside,positive_allosteric,77,61,sig,-0.894736842105263
62,0.70192296337815,0.00056128947889632,20,19,TRUE,RAF1 vs K13,0,19,0,inside_box,other,181,62,sig,-1
63,0.760998130692786,9.76499333623649e-05,20,19,TRUE,RAF1 vs K13,0,0,0,interface,other,26,63,sig,-1
64,0.633536442497466,0.00270870870124576,20,19,TRUE,RAF1 vs K13,0,0,0,interface,other,19,64,sig,-1
65,0.571347164991254,0.0106079034120926,19,18,TRUE,RAF1 vs K13,2,18,0.111111111111111,outside,positive_allosteric,120,65,sig,-0.789473684210526
66,0.286457161140759,0.220782409393672,20,19,TRUE,RAF1 vs K13,0,0,0,interface,other,20,66,ns,-1
67,0.227668476930305,0.334362645529017,20,19,TRUE,RAF1 vs K13,0,0,0,interface,other,21,67,ns,-1
68,0.651564020131261,0.00185606079786081,20,19,TRUE,RAF1 vs K13,0,0,0,interface,other,27,68,sig,-1
69,0.741401362008002,0.000183467977147984,20,19,TRUE,RAF1 vs K13,6,19,0.315789473684211,outside,positive_allosteric,99,69,sig,-0.368421052631579
70,0.757251672533012,0.000110653127983112,20,19,TRUE,RAF1 vs K13,0,0,0,interface,other,22,70,sig,-1
71,-0.0235283698400853,0.921567053261083,20,19,TRUE,RAF1 vs K13,0,0,0,interface,other,23,71,ns,-1
72,-0.0708660340914429,0.766550995168305,20,19,TRUE,RAF1 vs K13,0,19,0,inside_box,other,185,72,ns,-1
73,0.520134459062967,0.0187276864809449,20,19,TRUE,RAF1 vs K13,0,0,0,interface,other,24,73,sig,-1
74,-0.159786737527717,0.500998044213411,20,19,TRUE,RAF1 vs K13,0,0,0,interface,other,25,74,ns,-1
75,0.127256240186261,0.592895600700551,20,19,TRUE,RAF1 vs K13,1,19,0.0526315789473684,outside,other,156,75,ns,-0.894736842105263
76,0.230870536602239,0.327422421932797,20,19,TRUE,RAF1 vs K13,1,19,0.0526315789473684,outside,other,150,76,ns,-0.894736842105263
77,0.857556958579143,1.35126931391282e-06,20,19,TRUE,RAF1 vs K13,13,19,0.68421052631579,outside,positive_allosteric,72,77,sig,0.368421052631579
78,0.892683833373601,2.75290120094299e-07,19,18,TRUE,RAF1 vs K13,8,18,0.444444444444444,outside,positive_allosteric,63,78,sig,-0.157894736842105
79,0.859474047788559,1.2049354176188e-06,20,19,TRUE,RAF1 vs K13,12,19,0.631578947368421,outside,positive_allosteric,71,79,sig,0.263157894736842
80,0.82019627063358,9.51848822080217e-06,20,19,TRUE,RAF1 vs K13,4,19,0.210526315789474,outside,positive_allosteric,81,80,sig,-0.578947368421053
81,0.508791246641971,0.021966134080623,20,19,TRUE,RAF1 vs K13,6,19,0.315789473684211,outside,positive_allosteric,125,81,sig,-0.368421052631579
82,0.756885319449229,0.000112000939790974,20,19,TRUE,RAF1 vs K13,11,19,0.578947368421053,outside,positive_allosteric,96,82,sig,0.157894736842105
83,0.311469988198343,0.181292592508903,20,19,TRUE,RAF1 vs K13,12,19,0.631578947368421,outside,other,144,83,ns,0.263157894736842
84,-0.0924686969373978,0.698209959077403,20,19,TRUE,RAF1 vs K13,0,19,0,inside_box,other,186,84,ns,-1
85,0.522362070554274,0.0181390068990071,20,19,TRUE,RAF1 vs K13,7,19,0.368421052631579,outside,positive_allosteric,123,85,sig,-0.263157894736842
86,0.819881840948264,9.65752998463429e-06,20,19,TRUE,RAF1 vs K13,5,19,0.263157894736842,outside,positive_allosteric,82,86,sig,-0.473684210526316
87,0.686489043557495,0.000829689875224106,20,19,TRUE,RAF1 vs K13,0,0,0,interface,other,28,87,sig,-1
88,-0.34729369736026,0.133538424733562,20,19,TRUE,RAF1 vs K13,0,0,0,interface,other,29,88,ns,-1
89,0.50970816659137,0.0216888955516245,20,19,TRUE,RAF1 vs K13,10,19,0.526315789473684,outside,positive_allosteric,124,89,sig,0.0526315789473684
90,0.620413252974984,0.00351631733786106,20,19,TRUE,RAF1 vs K13,0,0,0,interface,other,30,90,sig,-1
91,0.185811770885231,0.432842593820273,20,19,TRUE,RAF1 vs K13,0,0,0,interface,other,31,91,ns,-1
92,-0.157137763806886,0.508213566370424,20,19,TRUE,RAF1 vs K13,0,0,0,interface,other,32,92,ns,-1
93,0.862870210289433,9.79434750963402e-07,20,19,TRUE,RAF1 vs K13,10,19,0.526315789473684,outside,positive_allosteric,70,93,sig,0.0526315789473684
94,0.0153345021211239,0.948838303317513,20,19,TRUE,RAF1 vs K13,0,0,0,interface,other,33,94,ns,-1
95,0.352007461971713,0.127993863092821,20,19,TRUE,RAF1 vs K13,0,0,0,interface,other,34,95,ns,-1
96,0.74554545601689,0.00016130949073831,20,19,TRUE,RAF1 vs K13,0,0,0,interface,other,35,96,sig,-1
97,-0.133306632625907,0.575282103891351,20,19,TRUE,RAF1 vs K13,0,0,0,interface,other,36,97,ns,-1
98,-0.0144815507910883,0.95168079576579,20,19,TRUE,RAF1 vs K13,0,0,0,interface,other,37,98,ns,-1
99,0.676776837744793,0.00104882324517113,20,19,TRUE,RAF1 vs K13,0,0,0,interface,other,38,99,sig,-1
100,0.774224055903991,6.16635509475773e-05,20,19,TRUE,RAF1 vs K13,8,19,0.421052631578947,outside,positive_allosteric,91,100,sig,-0.157894736842105
101,-0.117809315623489,0.620837557648398,20,19,TRUE,RAF1 vs K13,0,0,0,interface,other,39,101,ns,-1
102,-0.191482115997746,0.41867636019259,20,19,TRUE,RAF1 vs K13,0,0,0,interface,other,40,102,ns,-1
103,0.304021079208168,0.192511757761152,20,19,TRUE,RAF1 vs K13,7,19,0.368421052631579,outside,other,146,103,ns,-0.263157894736842
104,0.674060626181012,0.00111818624830957,20,19,TRUE,RAF1 vs K13,1,19,0.0526315789473684,outside,positive_allosteric,112,104,sig,-0.894736842105263
105,-0.308673763879076,0.185450861210288,20,19,TRUE,RAF1 vs K13,0,0,0,interface,other,41,105,ns,-1
106,0.317997558130352,0.171832755895679,20,19,TRUE,RAF1 vs K13,0,0,0,interface,other,42,106,ns,-1
107,0.141999596607163,0.550380115809422,20,19,TRUE,RAF1 vs K13,0,0,0,interface,other,43,107,ns,-1
108,-0.0395165528637003,0.868622713589405,20,19,TRUE,RAF1 vs K13,0,0,0,interface,other,44,108,ns,-1
109,0.37076098324534,0.107551911901878,20,19,TRUE,RAF1 vs K13,3,19,0.157894736842105,outside,other,136,109,ns,-0.68421052631579
110,0.817874833799194,1.05873227528845e-05,20,19,TRUE,RAF1 vs K13,7,19,0.368421052631579,outside,positive_allosteric,83,110,sig,-0.263157894736842
111,0.901135834375419,5.95732205438315e-08,20,19,TRUE,RAF1 vs K13,5,19,0.263157894736842,outside,positive_allosteric,62,111,sig,-0.473684210526316
112,0.795176774962803,2.78802367593383e-05,20,19,TRUE,RAF1 vs K13,13,19,0.68421052631579,outside,positive_allosteric,87,112,sig,0.368421052631579
113,0.826606316328172,7.03868069029985e-06,20,19,TRUE,RAF1 vs K13,14,19,0.736842105263158,outside,positive_allosteric,78,113,sig,0.473684210526316
114,0.421766444895895,0.0639893554459323,20,19,TRUE,RAF1 vs K13,12,19,0.631578947368421,outside,other,130,114,ns,0.263157894736842
115,0.0557665432111511,0.815358969193275,20,19,TRUE,RAF1 vs K13,1,19,0.0526315789473684,outside,other,160,115,ns,-0.894736842105263
116,0.356188863536234,0.123214075546416,20,19,TRUE,RAF1 vs K13,10,19,0.526315789473684,outside,other,137,116,ns,0.0526315789473684
117,0.0290610675589232,0.903198597154727,20,19,TRUE,RAF1 vs K13,8,19,0.421052631578947,outside,other,161,117,ns,-0.157894736842105
118,0.434896805277604,0.0553249039361353,20,19,TRUE,RAF1 vs K13,1,19,0.0526315789473684,outside,other,129,118,ns,-0.894736842105263
119,0.409502597884531,0.0729711076499268,20,19,TRUE,RAF1 vs K13,14,19,0.736842105263158,outside,other,131,119,ns,0.473684210526316
120,0.705336361795335,0.000513150267233792,20,19,TRUE,RAF1 vs K13,9,19,0.473684210526316,outside,positive_allosteric,105,120,sig,-0.0526315789473685
121,0.380680835060855,0.0977486885078172,20,19,TRUE,RAF1 vs K13,2,19,0.105263157894737,outside,other,133,121,ns,-0.789473684210526
122,0.347458257350045,0.133342049531955,20,19,TRUE,RAF1 vs K13,1,19,0.0526315789473684,outside,other,138,122,ns,-0.894736842105263
123,0.043771252759769,0.854614561822331,20,19,TRUE,RAF1 vs K13,0,19,0,inside_box,other,184,123,ns,-1
124,-0.141449377846412,0.551941778266186,20,19,TRUE,RAF1 vs K13,0,19,0,inside_box,other,187,124,ns,-1
125,-0.280240641901386,0.231407132844754,20,19,TRUE,RAF1 vs K13,0,0,0,interface,other,45,125,ns,-1
126,0.159489179615213,0.501806078567142,20,19,TRUE,RAF1 vs K13,1,19,0.0526315789473684,outside,other,153,126,ns,-0.894736842105263
127,0.531947595724045,0.0157723175327526,20,19,TRUE,RAF1 vs K13,4,19,0.210526315789474,outside,positive_allosteric,122,127,sig,-0.578947368421053
128,0.710214786238612,0.00045046206570642,20,19,TRUE,RAF1 vs K13,3,19,0.157894736842105,outside,positive_allosteric,103,128,sig,-0.68421052631579
129,0.238238238298048,0.311781115736213,20,19,TRUE,RAF1 vs K13,0,0,0,interface,other,46,129,ns,-1
130,0.926253448815398,4.67853897635882e-09,20,19,TRUE,RAF1 vs K13,13,19,0.68421052631579,outside,positive_allosteric,56,130,sig,0.368421052631579
131,0.615091042598748,0.00389632923699419,20,19,TRUE,RAF1 vs K13,7,19,0.368421052631579,outside,positive_allosteric,118,131,sig,-0.263157894736842
132,0.0974665578927489,0.68269150386465,20,19,TRUE,RAF1 vs K13,9,19,0.473684210526316,outside,other,158,132,ns,-0.0526315789473685
133,0.165248164406811,0.486279998842652,20,19,TRUE,RAF1 vs K13,0,0,0,interface,other,47,133,ns,-1
134,0.792472308546945,3.10417529664474e-05,20,19,TRUE,RAF1 vs K13,12,19,0.631578947368421,outside,positive_allosteric,88,134,sig,0.263157894736842
135,0.870791457515745,5.90907290671631e-07,20,19,TRUE,RAF1 vs K13,10,19,0.526315789473684,outside,positive_allosteric,67,135,sig,0.0526315789473684
136,-0.234630081836681,0.319383890160755,20,19,TRUE,RAF1 vs K13,0,0,0,interface,other,48,136,ns,-1
137,0.602801419912443,0.00490514952739082,20,19,TRUE,RAF1 vs K13,0,0,0,interface,other,49,137,sig,-1
138,0.93401137839245,1.77071706912154e-09,20,19,TRUE,RAF1 vs K13,0,0,0,interface,other,50,138,sig,-1
139,0.734055160694108,0.000229178463337573,20,19,TRUE,RAF1 vs K13,14,19,0.736842105263158,outside,positive_allosteric,101,139,sig,0.473684210526316
140,0.944940225130559,3.61382069434897e-10,20,19,TRUE,RAF1 vs K13,8,19,0.421052631578947,outside,positive_allosteric,54,140,sig,-0.157894736842105
141,0.796176564610427,2.67841542990653e-05,20,19,TRUE,RAF1 vs K13,14,19,0.736842105263158,outside,positive_allosteric,86,141,sig,0.473684210526316
142,0.760512398475855,9.92579053849128e-05,20,19,TRUE,RAF1 vs K13,15,19,0.789473684210526,outside,positive_allosteric,92,142,sig,0.578947368421053
143,0.839362564758379,3.71739334335424e-06,20,19,TRUE,RAF1 vs K13,3,19,0.157894736842105,outside,positive_allosteric,76,143,sig,-0.68421052631579
144,0.31952901847648,0.1696631898443,20,19,TRUE,RAF1 vs K13,16,19,0.842105263157895,outside,other,141,144,ns,0.684210526315789
145,0.746017762815033,0.000158936209668514,20,19,TRUE,RAF1 vs K13,17,19,0.894736842105263,outside,positive_allosteric,97,145,sig,0.789473684210526
146,-0.105255360305965,0.658751581555454,20,19,TRUE,RAF1 vs K13,15,19,0.789473684210526,outside,other,164,146,ns,0.578947368421053
147,0.801355088247913,2.16829578949394e-05,20,19,TRUE,RAF1 vs K13,1,19,0.0526315789473684,outside,positive_allosteric,85,147,sig,-0.894736842105263
148,0.661426100799706,0.0014938376538612,20,19,TRUE,RAF1 vs K13,4,19,0.210526315789474,outside,positive_allosteric,114,148,sig,-0.578947368421053
149,0.83978844223049,3.63559502063486e-06,20,19,TRUE,RAF1 vs K13,9,19,0.473684210526316,outside,positive_allosteric,75,149,sig,-0.0526315789473685
150,0.703382327929187,0.000540259064484223,20,19,TRUE,RAF1 vs K13,11,19,0.578947368421053,outside,positive_allosteric,106,150,sig,0.157894736842105
151,0.865406867397607,8.35984522423766e-07,20,19,TRUE,RAF1 vs K13,18,19,0.947368421052632,outside,positive_allosteric,69,151,sig,0.894736842105263
152,0.304219466357498,0.192207055465933,20,19,TRUE,RAF1 vs K13,9,19,0.473684210526316,outside,other,145,152,ns,-0.0526315789473685
153,0.542228330721686,0.0135162593175921,20,19,TRUE,RAF1 vs K13,3,19,0.157894736842105,outside,positive_allosteric,121,153,sig,-0.68421052631579
154,0.74040786642455,0.000189151281058292,20,19,TRUE,RAF1 vs K13,9,19,0.473684210526316,outside,positive_allosteric,100,154,sig,-0.0526315789473685
155,0.758332184304163,0.000106758734221914,20,19,TRUE,RAF1 vs K13,15,19,0.789473684210526,outside,positive_allosteric,95,155,sig,0.578947368421053
156,0.709033839415653,0.000465005805796316,20,19,TRUE,RAF1 vs K13,13,19,0.68421052631579,outside,positive_allosteric,104,156,sig,0.368421052631579
157,0.452929503892876,0.0449169997692059,20,19,TRUE,RAF1 vs K13,15,19,0.789473684210526,outside,positive_allosteric,128,157,sig,0.578947368421053
158,0.724638756160173,0.00030172392455869,20,19,TRUE,RAF1 vs K13,9,19,0.473684210526316,outside,positive_allosteric,102,158,sig,-0.0526315789473685
159,0.856009309586561,1.48049860502766e-06,20,19,TRUE,RAF1 vs K13,16,19,0.842105263157895,outside,positive_allosteric,73,159,sig,0.684210526315789
160,0.916167815924279,1.42832975743184e-08,20,19,TRUE,RAF1 vs K13,9,19,0.473684210526316,outside,positive_allosteric,58,160,sig,-0.0526315789473685
161,0.881570753851208,2.81057722311673e-07,20,19,TRUE,RAF1 vs K13,7,19,0.368421052631579,outside,positive_allosteric,64,161,sig,-0.263157894736842
162,0.958089567309077,3.25341057399176e-11,20,19,TRUE,RAF1 vs K13,3,19,0.157894736842105,outside,positive_allosteric,53,162,sig,-0.68421052631579
163,0.903708864073228,4.7442844753793e-08,20,19,TRUE,RAF1 vs K13,13,19,0.68421052631579,outside,positive_allosteric,59,163,sig,0.368421052631579
164,0.76016720570691,0.000100414417249937,20,19,TRUE,RAF1 vs K13,9,19,0.473684210526316,outside,positive_allosteric,93,164,sig,-0.0526315789473685
165,0.964410352061298,7.64535286126629e-12,20,19,TRUE,RAF1 vs K13,4,19,0.210526315789474,outside,positive_allosteric,52,165,sig,-0.578947368421053
166,0.483453700650786,0.0308076856197623,20,19,TRUE,RAF1 vs K13,1,19,0.0526315789473684,outside,positive_allosteric,126,166,sig,-0.894736842105263
167,0.233077832723895,0.322688432997175,20,19,TRUE,RAF1 vs K13,1,19,0.0526315789473684,outside,other,149,167,ns,-0.894736842105263
168,0.927007282085486,4.27726711843594e-09,20,19,TRUE,RAF1 vs K13,6,19,0.315789473684211,outside,positive_allosteric,55,168,sig,-0.368421052631579
169,0.870620976661019,5.97573677320052e-07,20,19,TRUE,RAF1 vs K13,4,19,0.210526315789474,outside,positive_allosteric,68,169,sig,-0.578947368421053
170,0.779057469803994,5.17329529045018e-05,20,19,TRUE,RAF1 vs K13,4,19,0.210526315789474,outside,positive_allosteric,90,170,sig,-0.578947368421053
171,0.68709108715507,0.000817490143760458,20,19,TRUE,RAF1 vs K13,2,19,0.105263157894737,outside,positive_allosteric,109,171,sig,-0.789473684210526
172,0.872605963181397,5.23885901856179e-07,20,19,TRUE,RAF1 vs K13,11,19,0.578947368421053,outside,positive_allosteric,66,172,sig,0.157894736842105
173,0.91841643175173,1.12770810913278e-08,20,19,TRUE,RAF1 vs K13,6,19,0.315789473684211,outside,positive_allosteric,57,173,sig,-0.368421052631579
174,0.972777009811816,7.06580238963473e-13,20,19,TRUE,RAF1 vs K13,8,19,0.421052631578947,outside,positive_allosteric,51,174,sig,-0.157894736842105
175,0.881277967680992,2.87055098762131e-07,20,19,TRUE,RAF1 vs K13,7,19,0.368421052631579,outside,positive_allosteric,65,175,sig,-0.263157894736842
176,0.786040229203345,3.98323650426301e-05,20,19,TRUE,RAF1 vs K13,6,19,0.315789473684211,outside,positive_allosteric,89,176,sig,-0.368421052631579
177,0.696192933502041,0.000650715331234219,20,19,TRUE,RAF1 vs K13,4,19,0.210526315789474,outside,positive_allosteric,107,177,sig,-0.578947368421053
178,0.681798124197102,0.000930126380229638,20,19,TRUE,RAF1 vs K13,15,19,0.789473684210526,outside,positive_allosteric,110,178,sig,0.578947368421053
179,0.47069542992878,0.0362061155633953,20,19,TRUE,RAF1 vs K13,6,19,0.315789473684211,outside,positive_allosteric,127,179,sig,-0.368421052631579
180,0.628362004038733,0.00300637498177141,20,19,TRUE,RAF1 vs K13,4,19,0.210526315789474,outside,positive_allosteric,117,180,sig,-0.578947368421053
181,0.803613464899073,1.97365670082242e-05,20,19,TRUE,RAF1 vs K13,8,19,0.421052631578947,outside,positive_allosteric,84,181,sig,-0.157894736842105
182,0.398110040500433,0.0821291533896079,20,19,TRUE,RAF1 vs K13,7,19,0.368421052631579,outside,other,132,182,ns,-0.263157894736842
183,0.636103030817026,0.00257043228860297,20,19,TRUE,RAF1 vs K13,4,19,0.210526315789474,outside,positive_allosteric,116,183,sig,-0.578947368421053
184,0.90243180827321,5.31603377456769e-08,20,19,TRUE,RAF1 vs K13,12,19,0.631578947368421,outside,positive_allosteric,61,184,sig,0.263157894736842
185,0.290421222494237,0.21417704442226,20,19,TRUE,RAF1 vs K13,6,19,0.315789473684211,outside,other,147,185,ns,-0.368421052631579
186,0.641420703545448,0.00230259918296134,20,19,TRUE,RAF1 vs K13,2,19,0.105263157894737,outside,positive_allosteric,115,186,sig,-0.789473684210526
187,0.152060939122231,0.522180007875314,20,19,TRUE,RAF1 vs K13,6,19,0.315789473684211,outside,other,155,187,ns,-0.368421052631579
188,0.0787334111154919,0.741439804886137,20,19,TRUE,RAF1 vs K13,5,19,0.263157894736842,outside,other,159,188,ns,-0.473684210526316
